truth_idx,est_idx,truth_onset,truth_offset,truth_pitch,est_onset,est_offset,est_pitch,onset_diff_ms,offset_diff_ms,pitch_diff_cents,status
0.0000,0.0000,1.6525,2.2584,72.1401,1.6776,2.2625,72.0000,25.0900,4.1000,-14.0080,matched_strict
1.0000,1.0000,1.6530,1.7150,82.8809,1.6865,1.7708,84.0500,33.4600,55.8700,116.9050,unmatched_pitch
2.0000,1.0000,1.7363,1.7619,83.9050,1.6865,1.7708,84.0500,-49.8000,8.9200,14.5000,matched_strict
3.0000,2.0000,1.7619,1.8286,82.9200,1.7708,1.8432,82.8500,8.9200,14.6600,-7.0000,matched_strict
4.0000,3.0000,1.8357,2.7239,83.9600,1.8432,2.6109,83.9500,7.5000,-112.9600,-1.0000,unmatched_offset
5.0000,4.0000,2.2584,2.3394,73.7800,2.2625,2.3333,73.8200,4.1000,-6.0800,4.0000,matched_strict
6.0000,5.0000,2.3445,2.3869,72.1600,2.3333,2.3995,72.0200,-11.1800,12.6100,-14.0000,matched_strict
7.0000,6.0000,2.3869,2.4656,73.9300,2.3995,2.4677,73.9100,12.6100,2.0800,-2.0000,matched_strict
8.0000,7.0000,2.4656,2.7365,72.0400,2.4677,2.7042,71.9300,2.0800,-32.2900,-11.0000,unmatched_offset
9.0000,8.0000,2.8477,2.9025,80.9000,2.8255,2.8927,80.6700,-22.2000,-9.7800,-23.0000,matched_strict
10.0000,9.0000,2.8615,3.8380,72.0373,2.8604,2.9615,71.9400,-1.0400,-876.5100,-9.7290,unmatched_offset
11.0000,10.0000,2.8757,2.9838,79.0300,2.8927,2.9823,78.9300,16.9900,-1.4700,-10.0000,matched_strict
12.0000,11.0000,2.9763,3.4881,80.9700,2.9781,3.4698,80.9800,1.8500,-18.2700,1.0000,matched_strict
13.0000,14.0000,3.4881,3.6978,86.0600,3.4880,3.8151,85.9400,-0.0400,117.3200,-12.0000,unmatched_offset
14.0000,16.0000,3.8390,4.6541,72.0580,3.8260,4.6589,72.0300,-12.9700,4.7000,-2.7960,matched_strict
15.0000,15.0000,3.8457,3.8819,80.7900,3.8255,3.8870,80.8400,-20.2300,5.0500,5.0000,matched_strict
16.0000,17.0000,3.8819,3.9378,79.3100,3.8901,3.9411,78.9300,8.1700,3.3400,-38.0000,matched_strict
17.0000,18.0000,3.9378,4.3131,80.9000,3.9411,4.3151,80.8100,3.3400,1.9900,-9.0000,matched_strict
18.0000,19.0000,4.3241,4.3625,83.8150,4.3229,4.3573,83.7300,-1.1400,-5.1800,-8.5000,matched_strict
19.0000,20.0000,4.3625,4.4147,82.7500,4.3573,4.4198,82.4200,-5.1800,5.1200,-33.0000,unmatched_pitch
20.0000,21.0000,4.4147,4.6673,83.8600,4.4198,4.6703,83.9700,5.1200,2.9600,11.0000,matched_strict
21.0000,22.0000,4.6585,5.3589,72.0566,4.6604,5.3662,72.0200,1.9600,7.3000,-3.6570,matched_strict
22.0000,23.0000,4.6673,4.8934,83.8550,4.6719,4.8682,84.0000,4.5300,-25.1700,14.5000,unmatched_offset
23.0000,24.0000,4.8934,5.1245,82.9300,4.8953,5.1146,83.0400,1.9100,-9.9100,11.0000,matched_strict
24.0000,25.0000,5.1245,5.3580,86.2700,5.1146,5.3589,86.2700,-9.9100,0.8500,0.0000,matched_strict
25.0000,26.0000,5.3605,5.7469,72.0200,5.3672,5.7463,71.9400,6.7200,-0.5800,-8.0000,matched_strict
26.0000,27.0000,5.3705,5.4683,82.9050,5.3745,5.4932,82.8500,3.9400,24.9300,-5.5000,matched_strict
27.0000,28.0000,5.4880,6.0954,83.9400,5.4938,6.3047,84.0000,5.7400,209.2800,6.0000,unmatched_offset
28.0000,29.0000,5.7469,5.8057,73.9000,5.7463,5.7990,73.9000,-0.5800,-6.7200,0.0000,matched_strict
29.0000,30.0000,5.8119,5.8574,72.0052,5.7990,5.8646,71.9800,-12.9600,7.2000,-2.5180,matched_strict
30.0000,31.0000,5.8607,5.9261,73.8600,5.9318,6.0995,71.9300,71.0900,173.4100,-193.0000,unmatched_onset+pitch
31.0000,31.0000,5.9261,6.1077,72.0300,5.9318,6.0995,71.9300,5.7000,-8.2200,-10.0000,matched_strict
32.0000,,6.1040,6.3024,83.8600,,,,,,,missed
33.0000,32.0000,6.1142,6.7513,72.1080,6.1005,6.5307,72.0200,-13.6300,-220.5400,-8.7960,unmatched_offset
34.0000,33.0000,6.3024,6.5422,81.0000,6.3047,6.5406,80.8400,2.3200,-1.5900,-16.0000,matched_strict
35.0000,35.0000,6.5516,6.7589,86.1500,6.5406,6.7620,86.1600,-10.9900,3.0900,1.0000,matched_strict
36.0000,37.0000,6.7563,7.4323,72.0566,6.7687,7.4338,72.0200,12.4800,1.5000,-3.6570,matched_strict
37.0000,36.0000,6.7589,6.9081,86.1300,6.7635,6.9141,86.1100,4.6500,5.9500,-2.0000,matched_strict
38.0000,38.0000,6.9328,6.9653,80.8500,6.9250,6.9609,80.7700,-7.7800,-4.3100,-8.0000,matched_strict
39.0000,39.0000,6.9653,6.9987,79.1750,6.9609,7.0187,79.2400,-4.3100,20.0100,6.5000,matched_strict
40.0000,40.0000,6.9987,7.2388,80.9200,7.0187,7.2401,80.8400,20.0100,1.2800,-8.0000,matched_strict
41.0000,41.0000,7.2464,7.4269,83.9600,7.2401,7.4412,84.0900,-6.2600,14.2000,13.0000,matched_strict
42.0000,43.0000,7.4344,7.6328,83.9100,7.4443,7.6495,84.0200,9.8700,16.7200,11.0000,matched_strict
43.0000,42.0000,7.4384,8.0903,72.0566,7.4375,8.0938,72.0200,-0.8600,3.4900,-3.6570,matched_strict
44.0000,44.0000,7.6436,7.8697,83.0100,7.6505,7.8620,83.0200,6.8900,-7.7200,1.0000,matched_strict
45.0000,45.0000,7.8697,8.0747,86.2000,7.8620,8.0917,86.2000,-7.7200,16.9300,0.0000,matched_strict
46.0000,46.0000,8.0931,8.4352,72.0500,8.0963,8.4385,72.0200,3.2400,3.3300,-3.0000,matched_strict
47.0000,47.0000,8.1078,8.2082,82.9200,8.0969,8.2099,82.9300,-10.9700,1.6500,1.0000,matched_strict
48.0000,48.0000,8.2091,8.7851,84.0300,8.2099,8.7896,84.0200,0.7800,4.4700,-1.0000,matched_strict
49.0000,49.0000,8.4352,8.4929,73.8600,8.4385,8.4917,73.5900,3.3300,-1.2100,-27.0000,matched_strict
50.0000,50.0000,8.4929,8.5391,72.1100,8.4917,8.5516,72.1500,-1.2100,12.4400,4.0000,matched_strict
51.0000,51.0000,8.5391,8.6320,73.9400,8.5516,8.6219,73.9100,12.4400,-10.1500,-3.0000,matched_strict
52.0000,52.0000,8.6325,8.7970,72.0600,8.6219,8.7969,72.0300,-10.6500,-0.0800,-3.0000,matched_strict
53.0000,53.0000,8.7953,9.0379,83.9300,8.7922,8.9995,84.0900,-3.1300,-38.4200,16.0000,unmatched_offset
54.0000,54.0000,8.7970,9.4248,72.1080,8.7969,9.4583,72.0200,-0.0800,33.5000,-8.7960,unmatched_offset
55.0000,55.0000,9.0379,9.2442,81.0100,9.0370,9.2333,80.8400,-0.9200,-10.8400,-17.0000,matched_strict
56.0000,56.0000,9.2442,9.4528,86.0600,9.2333,9.4583,85.8100,-10.8400,5.5000,-25.0000,matched_strict
57.0000,57.0000,9.4274,10.0959,72.0500,9.4594,10.1073,72.0000,31.9300,11.3700,-5.0000,matched_strict
58.0000,58.0000,9.4528,9.6073,85.9900,9.4599,9.6078,86.0400,7.0700,0.5500,5.0000,matched_strict
59.0000,59.0000,9.6332,9.6601,80.8600,9.6083,9.6495,80.7500,-24.8400,-10.6600,-11.0000,matched_strict
60.0000,60.0000,9.6601,9.7085,79.1500,9.6495,9.7115,78.9700,-10.6600,2.9600,-18.0000,matched_strict
61.0000,61.0000,9.7085,9.8975,80.9250,9.7115,9.9010,80.8400,2.9600,3.5300,-8.5000,matched_strict
62.0000,62.0000,9.9045,10.0966,83.9350,9.9010,10.1135,83.9500,-3.4200,16.9300,1.5000,matched_strict
63.0000,64.0000,10.1000,10.3172,83.8900,10.1172,10.3130,84.0200,17.2200,-4.1800,13.0000,matched_strict
64.0000,63.0000,10.1009,10.7191,72.0580,10.1083,10.7224,72.0200,7.4100,3.3200,-3.7960,matched_strict
65.0000,65.0000,10.3172,10.5132,83.0600,10.3130,10.5052,83.0400,-4.1800,-8.0300,-2.0000,matched_strict
66.0000,66.0000,10.5132,10.7218,86.2500,10.5052,10.7323,85.9800,-8.0300,10.4800,-27.0000,matched_strict
67.0000,67.0000,10.7215,11.0495,72.0600,10.7240,11.0708,72.0000,2.4700,21.3100,-6.0000,matched_strict
68.0000,68.0000,10.7481,10.8321,82.9500,10.7333,10.8469,82.8500,-14.7500,14.7700,-10.0000,matched_strict
69.0000,69.0000,10.8351,11.3839,83.8725,10.8474,11.4047,83.9500,12.2800,20.8400,7.7500,matched_strict
70.0000,70.0000,11.0495,11.1015,73.8800,11.0714,11.1297,73.5000,21.8300,28.1400,-38.0000,unmatched_offset
71.0000,71.0000,11.1088,11.1797,72.1800,11.1297,11.1854,72.0200,20.9100,5.6900,-16.0000,matched_strict
72.0000,72.0000,11.1797,11.2605,73.9000,11.1854,11.2562,73.8200,5.6900,-4.2100,-8.0000,matched_strict
73.0000,73.0000,11.2605,11.3917,72.0566,11.2562,11.4120,71.8900,-4.2100,20.3200,-16.6570,matched_strict
74.0000,74.0000,11.3863,11.5901,83.8767,11.4052,11.5521,84.0700,18.8700,-38.0500,19.3330,unmatched_offset
75.0000,75.0000,11.3938,11.5931,72.0566,11.4125,11.6177,72.0200,18.6800,24.5800,-3.6570,matched_strict
76.0000,76.0000,11.5998,12.0417,74.0622,11.5969,12.0536,73.9600,-2.9300,11.9200,-10.2240,matched_strict
77.0000,77.0000,11.6084,11.8248,81.0500,11.5990,11.8130,80.9800,-9.4700,-11.7400,-7.0000,matched_strict
78.0000,78.0000,11.8254,12.0528,85.9300,11.8255,12.0573,85.9200,0.1000,4.4400,-1.0000,matched_strict
79.0000,79.0000,12.0468,12.6776,74.1122,12.0547,12.2411,74.0200,7.9100,-436.4600,-9.2240,unmatched_offset
80.0000,80.0000,12.0528,12.2253,85.8950,12.0594,12.2229,85.9800,6.5200,-2.3900,8.5000,matched_strict
81.0000,81.0000,12.2383,12.4182,81.0850,12.2318,12.4182,81.1200,-6.5100,0.0500,3.5000,matched_strict
82.0000,83.0000,12.4182,12.4539,83.7900,12.4182,12.4625,83.8700,0.0500,8.5800,8.0000,matched_strict
83.0000,84.0000,12.4539,12.5114,82.8400,12.4625,12.5115,82.5100,8.5800,0.1000,-33.0000,matched_strict
84.0000,85.0000,12.5169,12.6882,83.9000,12.5115,12.6875,83.9100,-5.4000,-0.7000,1.0000,matched_strict
85.0000,86.0000,12.6870,13.3108,74.1000,12.6849,13.0838,74.0300,-2.0900,-226.9900,-7.0000,unmatched_offset
86.0000,87.0000,12.6882,12.8697,84.0000,12.6875,12.8755,84.0200,-0.7000,5.8600,2.0000,matched_strict
87.0000,88.0000,12.8808,13.0787,82.9500,12.8812,13.0849,82.9500,0.4900,6.2200,0.0000,matched_strict
88.0000,89.0000,13.0787,13.2876,86.1000,13.0828,13.2984,86.1000,4.1300,10.8200,0.0000,matched_strict
89.0000,91.0000,13.3152,13.3919,82.8700,13.3109,13.4052,82.8500,-4.2500,13.2700,-2.0000,matched_strict
90.0000,92.0000,13.3187,13.9842,72.0700,13.3167,13.9250,72.0200,-2.0300,-59.2200,-5.0000,unmatched_offset
91.0000,93.0000,13.3977,13.4499,84.1100,13.4052,13.4547,84.0700,7.5600,4.7500,-4.0000,matched_strict
92.0000,94.0000,13.4499,13.5074,82.9000,13.4547,13.5052,82.8500,4.7500,-2.1900,-5.0000,matched_strict
93.0000,95.0000,13.5142,13.9146,84.1850,13.5052,13.8948,84.0900,-8.9800,-19.7700,-9.5000,matched_strict
94.0000,96.0000,13.9266,14.3299,74.0400,13.9219,14.3349,73.9100,-4.7200,4.9700,-13.0000,matched_strict
95.0000,97.0000,13.9441,14.1293,81.0700,13.9271,14.1245,81.0600,-16.9900,-4.8600,-1.0000,matched_strict
96.0000,98.0000,14.1316,14.3298,82.2300,14.1260,14.3349,82.0800,-5.6000,5.0900,-15.0000,matched_strict
97.0000,100.0000,14.3298,14.5520,79.1800,14.3359,14.5542,79.2100,6.1300,2.1400,3.0000,matched_strict
98.0000,101.0000,14.5474,14.7273,82.1400,14.5505,14.7323,82.2300,3.1000,5.0300,9.0000,matched_strict
99.0000,102.0000,14.5520,14.6982,79.1100,14.5542,14.7354,79.1500,2.1400,37.1900,4.0000,unmatched_offset
100.0000,103.0000,14.7366,14.9681,81.1100,14.7328,14.9719,81.1300,-3.8100,3.7400,2.0000,matched_strict
101.0000,104.0000,14.7461,14.9769,74.0300,14.7391,14.9880,73.9100,-7.0800,11.1500,-12.0000,matched_strict
102.0000,106.0000,14.9681,15.3426,81.0100,14.9719,15.3323,81.0500,3.7400,-10.3000,4.0000,matched_strict
103.0000,105.0000,14.9840,15.0174,76.9800,14.9719,15.0130,76.9500,-12.1600,-4.3500,-3.0000,matched_strict
104.0000,107.0000,15.0174,15.0636,76.0800,15.0130,15.0781,75.0600,-4.3500,14.4800,-102.0000,unmatched_pitch
105.0000,108.0000,15.0636,15.3484,77.0500,15.0823,15.3432,77.0500,18.6500,-5.1600,0.0000,matched_strict
106.0000,109.0000,15.3531,15.5225,79.0700,15.3516,15.5312,79.0200,-1.5300,8.7500,-5.0000,matched_strict
107.0000,110.0000,15.3549,15.5399,72.0600,15.3562,15.5448,72.0300,1.3800,4.8400,-3.0000,matched_strict
108.0000,111.0000,15.5225,15.7721,79.0800,15.5312,15.7792,79.0200,8.7500,7.0200,-6.0000,matched_strict
109.0000,112.0000,15.5391,15.7838,75.8350,15.5391,15.7766,75.8200,-0.0100,-7.2000,-1.5000,matched_strict
110.0000,113.0000,15.7796,15.8799,70.8200,15.7766,15.8922,71.8900,-2.9900,12.3200,107.0000,unmatched_pitch
111.0000,113.0000,15.7972,15.8799,72.0400,15.7766,15.8922,71.8900,-20.6600,12.3200,-15.0000,matched_strict
112.0000,114.0000,15.8799,16.1506,72.0566,15.8995,16.1510,71.8900,19.6100,0.4200,-16.6570,matched_strict
113.0000,116.0000,16.1526,16.1959,72.0566,16.2000,16.2698,72.0500,47.4500,73.8900,-0.6570,unmatched_offset
114.0000,115.0000,16.1576,16.2050,73.8039,16.1661,16.2193,73.5000,8.6000,14.2700,-30.3890,matched_strict
115.0000,117.0000,16.1959,16.2462,72.0800,16.2693,16.3323,73.0800,73.3700,86.0800,100.0000,unmatched_onset+pitch
116.0000,118.0000,16.2580,16.2955,73.8469,16.3182,16.5646,72.0300,60.1900,269.0900,-181.6930,unmatched_onset+pitch
117.0000,118.0000,16.3053,16.5558,72.0150,16.3182,16.5646,72.0300,12.9300,8.7500,1.5000,matched_strict
118.0000,119.0000,16.5822,16.7476,68.8900,16.5828,16.7500,68.9600,0.5800,2.3600,7.0000,matched_strict
119.0000,120.0000,16.5911,17.1759,60.0800,16.5839,17.1698,60.1400,-7.2900,-6.1300,6.0000,matched_strict
120.0000,121.0000,16.7476,16.9670,65.0300,16.7500,16.9682,65.0800,2.3600,1.2000,5.0000,matched_strict
121.0000,122.0000,16.9670,17.1830,68.9400,16.9682,17.1740,68.8700,1.2000,-9.0500,-7.0000,matched_strict
122.0000,123.0000,17.1830,17.3627,69.0100,17.1766,17.3583,68.8700,-6.4500,-4.3900,-14.0000,matched_strict
123.0000,124.0000,17.1958,17.3569,74.0500,17.1865,17.3599,73.9100,-9.3400,2.9800,-14.0000,matched_strict
124.0000,125.0000,17.3631,17.5767,70.0300,17.3604,17.5885,70.0100,-2.6900,11.8800,-2.0000,matched_strict
125.0000,126.0000,17.3643,17.5857,60.0500,17.3760,17.5896,59.9900,11.7800,3.8600,-6.0000,matched_strict
126.0000,128.0000,17.5817,17.7459,70.0000,17.5932,17.7594,70.0900,11.5700,13.5200,9.0000,matched_strict
127.0000,127.0000,17.5857,17.9986,60.0500,17.5917,17.9661,59.8000,5.9500,-32.4800,-25.0000,unmatched_offset
128.0000,129.0000,17.7561,18.0025,67.1100,17.7594,17.9870,67.0800,3.2500,-15.5200,-3.0000,matched_strict
129.0000,131.0000,17.9960,18.0439,69.7500,17.9865,18.0365,69.9600,-9.5200,-7.4600,21.0000,matched_strict
130.0000,130.0000,18.0041,18.3744,60.0700,17.9818,18.3792,59.9700,-22.3000,4.7700,-10.0000,matched_strict
131.0000,132.0000,18.0325,18.0876,67.1500,18.0365,18.0958,67.0000,3.9600,8.2100,-15.0000,matched_strict
132.0000,133.0000,18.0939,18.1376,69.8300,18.0969,18.1458,70.0500,2.9600,8.2100,22.0000,matched_strict
133.0000,134.0000,18.1376,18.3800,67.0800,18.1458,18.3781,67.0000,8.2100,-1.8700,-8.0000,matched_strict
134.0000,135.0000,18.3878,18.4867,75.9238,18.3943,18.5115,75.8200,6.5000,24.7300,-10.3790,matched_strict
135.0000,136.0000,18.4024,18.7443,65.0400,18.3953,18.7260,65.0500,-7.0600,-18.2700,1.0000,matched_strict
136.0000,137.0000,18.4887,18.7093,76.8700,18.5115,18.7224,76.9700,22.7200,13.1400,10.0000,matched_strict
137.0000,139.0000,18.7085,18.7680,76.8488,18.7250,18.9375,76.9700,16.4700,169.5300,12.1160,unmatched_offset
138.0000,138.0000,18.7126,18.7630,80.9900,18.7063,18.7755,80.9400,-6.3200,12.5500,-5.0000,matched_strict
139.0000,140.0000,18.7630,18.9591,80.9900,18.7755,18.9547,80.9400,12.5500,-4.4000,-5.0000,matched_strict
140.0000,,18.7680,18.9558,76.8488,,,,,,,missed
141.0000,141.0000,18.9541,19.1565,72.2100,18.9630,19.1917,72.0000,8.9500,35.2100,-21.0000,unmatched_offset
142.0000,142.0000,18.9653,19.1391,79.1900,18.9646,19.1500,79.0200,-0.7100,10.9500,-17.0000,matched_strict
143.0000,143.0000,19.1608,19.3582,65.0100,19.1583,19.3609,64.8900,-2.4800,2.7700,-12.0000,matched_strict
144.0000,144.0000,19.1712,19.3828,76.1500,19.1589,19.3724,76.0500,-12.3700,-10.4200,-10.0000,matched_strict
145.0000,145.0000,19.3582,19.7718,65.0200,19.3609,19.7641,64.9300,2.7700,-7.7300,-9.0000,matched_strict
146.0000,146.0000,19.3828,19.4169,76.1800,19.3724,19.4302,76.9500,-10.4200,13.3500,77.0000,unmatched_pitch
147.0000,146.0000,19.4169,19.4566,77.2400,19.3724,19.4302,76.9500,-44.4600,-26.4200,-29.0000,unmatched_offset
148.0000,147.0000,19.4566,19.5164,76.0400,19.4391,19.5094,75.9800,-17.5700,-7.0000,-6.0000,matched_strict
149.0000,148.0000,19.5198,19.7965,77.1800,19.5094,19.9323,76.9700,-10.4600,135.7600,-21.0000,unmatched_offset
150.0000,149.0000,19.7751,19.8306,66.9500,19.7641,19.8172,66.4200,-11.0100,-13.4600,-53.0000,unmatched_pitch
151.0000,,19.7965,20.1851,77.1558,,,,,,,missed
152.0000,150.0000,19.8115,19.8771,65.1550,19.8172,19.8708,65.0800,5.6900,-6.2600,-7.5000,matched_strict
153.0000,151.0000,19.8727,19.9534,66.9400,19.8708,19.9516,66.7800,-1.9200,-1.8000,-16.0000,matched_strict
154.0000,152.0000,19.9724,20.2130,65.0450,19.9495,20.1943,64.9900,-22.8800,-18.7000,-5.5000,matched_strict
155.0000,153.0000,20.1886,20.3516,68.8750,20.1922,20.3516,68.8700,3.6200,-0.0300,-0.5000,matched_strict
156.0000,154.0000,20.1933,20.7614,60.0900,20.1963,20.7286,60.1400,3.0600,-32.7200,5.0000,unmatched_offset
157.0000,155.0000,20.3516,20.5465,65.0900,20.3516,20.5537,64.9900,-0.0300,7.1800,-10.0000,matched_strict
158.0000,156.0000,20.5465,20.7533,68.9800,20.5537,20.7510,68.8700,7.1800,-2.2800,-11.0000,matched_strict
159.0000,157.0000,20.7533,20.9386,68.9900,20.7510,20.9120,68.8700,-2.2800,-26.6100,-12.0000,unmatched_offset
160.0000,158.0000,20.7592,20.9444,74.0900,20.7526,20.9141,74.0300,-6.6200,-30.3400,-6.0000,unmatched_offset
161.0000,159.0000,20.9361,21.1504,69.9800,20.9359,21.1599,70.0100,-0.1100,9.5200,3.0000,matched_strict
162.0000,160.0000,20.9364,21.1474,60.0400,20.9516,21.1651,59.9900,15.1900,17.6500,-5.0000,matched_strict
163.0000,162.0000,21.1474,21.5590,60.0600,21.1651,21.5427,59.9900,17.6500,-16.2800,-7.0000,matched_strict
164.0000,161.0000,21.1504,21.3234,69.9400,21.1620,21.3088,70.0900,11.6000,-14.5500,15.0000,matched_strict
165.0000,163.0000,21.3234,21.5510,67.0800,21.3266,21.5594,66.9600,3.1600,8.3700,-12.0000,matched_strict
166.0000,164.0000,21.5590,21.9370,60.0600,21.5432,21.9287,59.9900,-15.7600,-8.4000,-7.0000,matched_strict
167.0000,165.0000,21.5664,21.6182,69.7900,21.5583,21.6927,69.6000,-8.1000,74.4600,-19.0000,unmatched_offset
168.0000,166.0000,21.5955,21.6442,67.1000,21.6927,21.9312,66.9600,97.2200,287.0300,-14.0000,unmatched_onset
169.0000,,21.6532,21.6865,69.8100,,,,,,,missed
170.0000,166.0000,21.6865,21.9361,67.0800,21.6927,21.9312,66.9600,6.2000,-4.8300,-12.0000,matched_strict
171.0000,167.0000,21.9433,22.2468,65.0300,21.9338,22.2812,65.0800,-9.4200,34.4600,5.0000,unmatched_offset
172.0000,168.0000,21.9752,22.0594,76.1400,21.9568,22.0510,75.8200,-18.4800,-8.3800,-32.0000,matched_strict
173.0000,169.0000,22.0652,22.2381,77.2669,22.0510,22.2495,76.9700,-14.1500,11.4100,-29.6930,matched_strict
174.0000,,22.2415,22.3050,77.2600,,,,,,,missed
175.0000,170.0000,22.2515,22.3322,80.9900,22.2495,22.3302,80.9800,-2.0000,-1.9600,-1.0000,matched_strict
176.0000,,22.3065,22.5003,77.2600,,,,,,,missed
177.0000,171.0000,22.3322,22.5059,81.0100,22.3302,22.4937,80.9800,-1.9600,-12.1900,-3.0000,matched_strict
178.0000,,22.5084,22.6807,72.1100,,,,,,,missed
179.0000,172.0000,22.5087,22.6801,79.1900,22.5115,22.6906,79.0200,2.7300,10.5400,-17.0000,matched_strict
180.0000,,22.6804,22.8828,65.0200,,,,,,,missed
181.0000,173.0000,22.6938,22.8963,76.0700,22.6932,22.9047,76.0900,-0.5700,8.3700,2.0000,matched_strict
182.0000,174.0000,22.8878,23.5263,65.0100,22.9042,23.5151,64.8900,16.3800,-11.1800,-12.0000,matched_strict
183.0000,175.0000,22.9031,22.9433,76.0700,22.9214,22.9823,76.9200,18.2400,38.9900,85.0000,unmatched_pitch
184.0000,175.0000,22.9433,22.9787,77.2086,22.9214,22.9823,76.9200,-21.9500,3.6000,-28.8580,matched_strict
185.0000,177.0000,22.9787,23.0634,76.0000,23.0667,23.4865,76.9700,87.9800,423.0300,97.0000,unmatched_onset+pitch
186.0000,177.0000,23.0634,23.4928,77.2000,23.0667,23.4865,76.9700,3.2400,-6.3300,-23.0000,matched_strict
187.0000,179.0000,23.5125,24.1171,72.0700,23.5182,24.1193,72.0200,5.7600,2.1800,-5.0000,matched_strict
188.0000,178.0000,23.5263,23.6696,65.0500,23.5156,23.6672,65.0500,-10.6600,-2.3600,0.0000,matched_strict
189.0000,180.0000,23.6696,23.7714,68.8400,23.6672,23.7927,68.7700,-2.3600,21.2800,-7.0000,matched_strict
190.0000,181.0000,23.7878,23.9108,67.1600,23.7927,23.9193,67.1800,4.9000,8.5200,2.0000,matched_strict
191.0000,182.0000,23.9198,24.1263,65.0000,23.9193,24.1401,65.0800,-0.5700,13.7600,8.0000,matched_strict
192.0000,183.0000,24.1171,24.7882,72.0400,24.1203,24.7688,72.0300,3.2200,-19.4000,-1.0000,matched_strict
193.0000,184.0000,24.1517,24.2474,83.0650,24.1536,24.2594,83.0200,1.9900,11.9300,-4.5000,matched_strict
194.0000,185.0000,24.2668,24.7625,83.9000,24.2594,24.3234,84.0000,-7.4700,-439.0300,10.0000,unmatched_offset
195.0000,186.0000,24.7882,25.4643,72.0566,24.7693,25.2255,72.0200,-18.8800,-238.7900,-3.6570,unmatched_offset
196.0000,187.0000,24.7900,24.8389,80.9300,24.7818,24.8281,80.8200,-8.2000,-10.8100,-11.0000,matched_strict
197.0000,188.0000,24.8389,24.8910,79.4050,24.8281,24.8974,79.0200,-10.8100,6.4500,-38.5000,matched_strict
198.0000,189.0000,24.8910,25.2459,80.9700,24.8974,25.2292,80.9400,6.4500,-16.7300,-3.0000,matched_strict
199.0000,191.0000,25.2483,25.4245,86.1250,25.2448,25.4557,86.0600,-3.5000,31.2100,-6.5000,unmatched_offset
200.0000,192.0000,25.4719,26.1247,72.0566,25.4344,26.1187,72.0200,-37.4900,-5.9500,-3.6570,matched_strict
201.0000,193.0000,25.4864,25.5212,80.7950,25.4755,25.5151,80.7700,-10.8600,-6.0800,-2.5000,matched_strict
202.0000,194.0000,25.5212,25.5694,79.0400,25.5151,25.5786,78.9700,-6.0800,9.2600,-7.0000,matched_strict
203.0000,195.0000,25.5694,25.8345,80.9600,25.5786,25.8318,80.9400,9.2600,-2.7000,-2.0000,matched_strict
204.0000,196.0000,25.8345,25.8728,83.8781,25.8391,25.8620,84.0700,4.5900,-10.8000,19.1930,matched_strict
205.0000,197.0000,25.8728,25.9217,82.7700,25.8620,25.9245,82.1900,-10.8000,2.7900,-58.0000,unmatched_pitch
206.0000,198.0000,25.9245,26.1285,83.9050,25.9245,26.1260,83.8700,0.0000,-2.4400,-3.5000,matched_strict
207.0000,199.0000,26.1244,26.7226,72.0052,26.1187,26.7286,72.0200,-5.6800,6.0700,1.4820,matched_strict
208.0000,200.0000,26.1285,26.3024,83.9000,26.1281,26.2948,84.0300,-0.3500,-7.6100,13.0000,matched_strict
209.0000,201.0000,26.3161,26.5208,83.0300,26.3167,26.5198,83.0600,0.5600,-1.0400,3.0000,matched_strict
210.0000,202.0000,26.5208,26.7146,86.2500,26.5198,26.7302,86.2600,-1.0400,15.6500,1.0000,matched_strict
211.0000,204.0000,26.7244,27.0505,72.0300,26.7286,27.0552,72.0200,4.2900,4.6700,-1.0000,matched_strict
212.0000,203.0000,26.7301,26.8423,82.9100,26.7281,26.8526,82.8500,-1.9700,10.3300,-6.0000,matched_strict
213.0000,205.0000,26.8478,27.3785,83.8900,26.8526,27.3870,84.0200,4.8100,8.4500,13.0000,matched_strict
214.0000,206.0000,27.0505,27.1186,73.9650,27.0552,27.1162,73.7100,4.6700,-2.4200,-25.5000,matched_strict
215.0000,207.0000,27.1186,27.1666,72.0100,27.1162,27.1719,72.0800,-2.4200,5.2700,7.0000,matched_strict
216.0000,208.0000,27.1666,27.2321,73.9200,27.1719,27.2328,73.9100,5.2700,0.6800,-1.0000,matched_strict
217.0000,209.0000,27.2321,27.3848,72.0600,27.2328,27.3948,72.0200,0.6800,9.9600,-4.0000,matched_strict
218.0000,210.0000,27.3799,27.6061,83.8767,27.3922,27.5682,84.0700,12.2900,-37.8400,19.3330,unmatched_offset
219.0000,211.0000,27.3898,28.0077,72.0566,27.3948,28.0104,72.0000,4.9600,2.6800,-5.6570,matched_strict
220.0000,212.0000,27.6061,27.8155,80.9800,27.6021,27.8104,80.9100,-3.9900,-5.1000,-7.0000,matched_strict
221.0000,213.0000,27.8155,28.0056,86.1100,27.8104,28.0141,85.9800,-5.1000,8.4700,-13.0000,matched_strict
222.0000,215.0000,28.0056,28.1542,86.0500,28.0156,28.1599,86.1000,10.0300,5.7000,5.0000,matched_strict
223.0000,214.0000,28.0124,28.6327,72.0066,28.0115,28.4370,72.0300,-0.9700,-195.7000,2.3430,unmatched_offset
224.0000,216.0000,28.1795,28.2043,80.8900,28.1609,28.2047,80.8200,-18.5900,0.4100,-7.0000,matched_strict
225.0000,217.0000,28.2043,28.2361,79.2700,28.2047,28.2630,79.2200,0.4100,26.9200,-5.0000,unmatched_offset
226.0000,218.0000,28.2464,28.4386,80.9700,28.2630,28.4542,80.8400,16.6300,15.5800,-13.0000,matched_strict
227.0000,219.0000,28.4386,28.6444,83.8350,28.4370,28.6432,84.0200,-1.6100,-1.1400,18.5000,matched_strict
228.0000,221.0000,28.6439,29.2436,72.0580,28.6396,29.2448,72.0200,-4.3300,1.2300,-3.7960,matched_strict
229.0000,222.0000,28.6444,28.7985,83.7850,28.6474,28.8213,84.0200,3.0300,22.8000,23.5000,matched_strict
230.0000,223.0000,28.8211,29.0359,83.0000,28.8213,29.0370,82.9900,0.2400,1.0700,-1.0000,matched_strict
231.0000,224.0000,29.0359,29.2371,86.1300,29.0370,29.2495,86.2000,1.0700,12.3400,7.0000,matched_strict
232.0000,226.0000,29.2461,29.3558,82.9100,29.2495,29.3651,82.8500,3.3800,9.2700,-6.0000,matched_strict
233.0000,225.0000,29.2513,29.5955,72.0500,29.2463,29.5995,72.0200,-5.0000,4.0200,-3.0000,matched_strict
234.0000,227.0000,29.3657,29.9182,84.0700,29.3651,30.0588,84.0200,-0.6300,140.7000,-5.0000,unmatched_offset
235.0000,228.0000,29.5955,29.6385,73.9300,29.6000,29.6401,73.1700,4.5400,1.6400,-76.0000,unmatched_pitch
236.0000,229.0000,29.6385,29.6898,72.1100,29.6401,29.6948,72.0200,1.6400,5.0000,-9.0000,matched_strict
237.0000,230.0000,29.6898,29.7870,73.9400,29.6948,29.7865,74.0200,5.0000,-0.5500,8.0000,matched_strict
238.0000,231.0000,29.7907,29.9178,72.0650,29.7865,29.9260,72.0200,-4.2400,8.2100,-4.5000,matched_strict
239.0000,232.0000,29.9228,30.5513,72.0566,29.9266,30.5521,72.0200,3.7300,0.7800,-3.6570,matched_strict
240.0000,,29.9382,30.1279,84.2000,,,,,,,missed
241.0000,233.0000,30.1351,30.3440,81.0000,30.1349,30.3422,80.9800,-0.2300,-1.8600,-2.0000,matched_strict
242.0000,234.0000,30.3440,30.5372,86.0650,30.3427,30.5464,85.8900,-1.3400,9.1900,-17.5000,matched_strict
243.0000,235.0000,30.5407,30.7026,86.0800,30.5490,30.7068,86.1400,8.2900,4.1800,6.0000,matched_strict
244.0000,236.0000,30.5555,31.1872,72.0052,30.5526,31.1901,72.0000,-2.9100,2.9100,-0.5180,matched_strict
245.0000,237.0000,30.7207,30.7689,80.9500,30.7141,30.7609,80.8200,-6.6100,-7.9500,-13.0000,matched_strict
246.0000,238.0000,30.7689,30.8091,79.1600,30.7609,30.8083,79.0000,-7.9500,-0.8100,-16.0000,matched_strict
247.0000,239.0000,30.8091,30.9754,80.9400,30.8083,30.9818,80.8400,-0.8100,6.3500,-10.0000,matched_strict
248.0000,240.0000,30.9800,31.2052,83.9300,30.9818,31.1958,83.9100,1.8000,-9.4000,-2.0000,matched_strict
249.0000,241.0000,31.1959,31.8035,72.0566,31.1922,31.8021,72.0200,-3.7600,-1.4100,-3.6570,matched_strict
250.0000,242.0000,31.2052,31.3818,83.9500,31.1995,31.3818,83.9500,-5.7500,0.0000,0.0000,matched_strict
251.0000,243.0000,31.3847,31.5968,82.9600,31.3828,31.5911,83.0200,-1.9000,-5.6500,6.0000,matched_strict
252.0000,244.0000,31.5968,31.7950,86.1100,31.5911,31.8037,86.0500,-5.6500,8.6200,-6.0000,matched_strict
253.0000,246.0000,31.8018,31.8984,82.8900,31.8057,31.9167,82.8500,3.9400,18.2600,-4.0000,matched_strict
254.0000,245.0000,31.8048,32.1366,72.0600,31.8021,32.1620,72.0300,-2.7000,25.4200,-3.0000,unmatched_offset
255.0000,247.0000,31.9149,32.4901,83.9800,31.9167,32.1526,84.0000,1.8000,-337.5000,2.0000,unmatched_offset
256.0000,248.0000,32.1366,32.1890,74.0567,32.1490,32.1969,73.0800,12.4000,7.8500,-97.6670,unmatched_pitch
257.0000,250.0000,32.1916,32.2283,72.1900,32.1688,32.2427,72.1100,-22.8300,14.3900,-8.0000,matched_strict
258.0000,251.0000,32.2283,32.2994,74.0200,32.2422,32.3057,73.5900,13.8700,6.3300,-43.0000,matched_strict
259.0000,252.0000,32.2994,32.5006,72.0600,32.3057,32.4948,72.0200,6.3300,-5.7900,-4.0000,matched_strict
260.0000,253.0000,32.4958,32.6995,83.9900,32.4896,32.6375,84.0700,-6.2300,-62.0000,8.0000,unmatched_offset
261.0000,254.0000,32.5006,32.6937,72.0500,32.4958,32.7010,72.0200,-4.7500,7.3400,-3.0000,matched_strict
262.0000,255.0000,32.6911,33.1421,74.0095,32.6755,33.1245,73.9600,-15.5900,-17.6400,-4.9460,matched_strict
263.0000,256.0000,32.6914,32.8969,81.0600,32.6828,32.8969,81.0600,-8.5600,0.0100,0.0000,matched_strict
264.0000,257.0000,32.8998,33.1430,85.7900,32.8974,33.1219,85.9400,-2.3800,-21.1600,15.0000,matched_strict
265.0000,258.0000,33.1364,33.7221,74.0095,33.1250,33.7432,73.9000,-11.3500,21.1700,-10.9460,matched_strict
266.0000,259.0000,33.1430,33.2742,85.7800,33.1250,33.2875,85.9200,-18.0400,13.3000,14.0000,matched_strict
267.0000,260.0000,33.3004,33.4599,81.0350,33.2938,33.4505,80.9800,-6.6500,-9.4300,-5.5000,matched_strict
268.0000,261.0000,33.4613,33.4983,83.7700,33.4505,33.4906,83.8400,-10.7500,-7.6700,7.0000,matched_strict
269.0000,262.0000,33.4983,33.5470,83.0000,33.4906,33.5479,82.5200,-7.6700,0.8900,-48.0000,matched_strict
270.0000,263.0000,33.5528,33.7249,83.9000,33.5484,33.7516,83.8700,-4.3800,26.7000,-3.0000,unmatched_offset
271.0000,264.0000,33.7242,34.3501,74.0700,33.7443,34.3490,73.9600,20.0600,-1.1000,-11.0000,matched_strict
272.0000,265.0000,33.7261,33.9540,83.8767,33.7516,33.9401,83.9500,25.4800,-13.9300,7.3330,matched_strict
273.0000,266.0000,33.9540,34.1437,82.9050,33.9542,34.1365,82.8500,0.1400,-7.2400,-5.5000,matched_strict
274.0000,267.0000,34.1437,34.3539,85.7700,34.1365,34.3542,86.1400,-7.2400,0.2500,37.0000,matched_strict
275.0000,268.0000,34.3681,34.4904,82.8250,34.3588,34.4943,82.8300,-9.2400,3.9100,0.5000,matched_strict
276.0000,269.0000,34.3860,34.9659,72.0052,34.3943,34.9781,72.0000,8.2300,12.2400,-0.5180,matched_strict
277.0000,270.0000,34.4904,34.5318,83.9300,34.4984,34.5406,84.0000,8.0800,8.8500,7.0000,matched_strict
278.0000,271.0000,34.5318,34.5861,82.8500,34.5406,34.5880,83.7500,8.8500,1.9000,90.0000,unmatched_pitch
279.0000,271.0000,34.5868,34.9576,83.9600,34.5406,34.5880,83.7500,-46.1500,-369.6200,-21.0000,matched_strict
280.0000,273.0000,34.9808,35.3988,74.0500,34.9724,35.9979,73.9600,-8.4200,599.1000,-9.0000,unmatched_offset
281.0000,274.0000,34.9866,35.1891,81.1000,34.9802,35.1677,81.0600,-6.3700,-21.3900,-4.0000,matched_strict
282.0000,275.0000,35.1891,35.3674,82.1600,35.1854,35.3792,82.0800,-3.6800,11.7900,-8.0000,matched_strict
283.0000,276.0000,35.3674,35.5680,79.1100,35.3792,35.5781,78.9500,11.7900,10.1500,-16.0000,matched_strict
284.0000,277.0000,35.5680,35.7355,79.0200,35.5792,35.7531,79.0500,11.2000,17.6100,3.0000,matched_strict
285.0000,278.0000,35.5682,35.7529,82.1300,35.5792,35.7656,82.1900,10.9700,12.6900,6.0000,matched_strict
286.0000,,35.7578,35.9851,74.0200,,,,,,,missed
287.0000,279.0000,35.7631,35.9732,81.0700,35.7531,35.9740,81.0600,-9.9600,0.7700,-1.0000,matched_strict
288.0000,280.0000,35.9732,36.3508,80.9600,35.9740,36.3427,80.9100,0.7700,-8.1300,-5.0000,matched_strict
289.0000,281.0000,35.9749,36.0274,76.9500,35.9818,36.0260,76.8300,6.8300,-1.3300,-12.0000,matched_strict
290.0000,282.0000,36.0384,36.0855,76.0800,36.0260,36.0932,76.1100,-12.4100,7.7600,3.0000,matched_strict
291.0000,283.0000,36.0855,36.3450,77.0300,36.0932,36.3516,77.0200,7.7600,6.5300,-1.0000,matched_strict
292.0000,284.0000,36.3519,36.5464,79.1000,36.3526,36.5406,78.9300,0.7200,-5.7500,-17.0000,matched_strict
293.0000,285.0000,36.3591,36.5656,72.0500,36.3557,36.5620,72.0200,-3.3300,-3.6400,-3.0000,matched_strict
294.0000,287.0000,36.5441,36.7540,75.8600,36.5500,36.7677,75.9200,5.8600,13.7300,6.0000,matched_strict
295.0000,286.0000,36.5464,36.7688,79.0000,36.5412,36.7734,79.0200,-5.2200,4.6400,2.0000,matched_strict
296.0000,288.0000,36.7540,36.7631,71.9345,36.7677,36.7703,71.9400,13.7300,7.2500,0.5490,matched_strict
297.0000,289.0000,36.7631,36.9023,70.9900,36.7703,36.9073,70.6400,7.2500,4.9800,-35.0000,matched_strict
298.0000,290.0000,36.9134,37.1495,71.9700,36.9120,37.1443,71.8900,-1.4100,-5.2700,-8.0000,matched_strict
299.0000,291.0000,37.1491,37.2045,71.9345,37.1594,37.2276,73.2600,10.2600,23.0600,132.5490,unmatched_pitch
300.0000,292.0000,37.1607,37.2050,73.8450,37.2037,37.2760,71.9800,42.9700,71.0600,-186.5000,unmatched_pitch
301.0000,292.0000,37.2045,37.2771,72.0300,37.2037,37.2760,71.9800,-0.8900,-1.0300,-5.0000,matched_strict
302.0000,294.0000,37.2736,37.3319,73.8300,37.3245,37.5599,72.0200,50.8600,228.0200,-181.0000,unmatched_onset+pitch
303.0000,294.0000,37.3271,37.5641,72.0450,37.3245,37.5599,72.0200,-2.5900,-4.1800,-2.5000,matched_strict
304.0000,295.0000,37.5627,37.7218,68.9100,37.5625,37.7281,69.0300,-0.1600,6.2800,12.0000,matched_strict
305.0000,296.0000,37.5662,38.1331,60.1658,37.5641,38.1323,60.2000,-2.0900,-0.8400,3.4200,matched_strict
306.0000,297.0000,37.7218,37.9500,65.1000,37.7281,37.9490,65.0800,6.2800,-1.0800,-2.0000,matched_strict
307.0000,298.0000,37.9500,38.1344,69.0300,37.9490,38.1401,68.9600,-1.0800,5.6700,-7.0000,matched_strict
308.0000,299.0000,38.1344,38.3419,69.0200,38.1417,38.3271,69.0300,7.2400,-14.8700,1.0000,matched_strict
309.0000,300.0000,38.1546,38.3478,74.1000,38.1536,38.3271,74.0300,-0.9500,-20.6800,-7.0000,matched_strict
310.0000,301.0000,38.3462,38.5453,70.0900,38.3318,38.5536,70.0600,-14.3900,8.3500,-3.0000,matched_strict
311.0000,302.0000,38.3481,38.5682,60.0500,38.3469,38.5583,59.9900,-1.2300,-9.8900,-6.0000,matched_strict
312.0000,303.0000,38.5503,38.6960,70.0600,38.5573,38.7156,70.0600,6.9900,19.5800,0.0000,matched_strict
313.0000,304.0000,38.5682,38.9721,60.0500,38.5583,38.9547,59.9900,-9.8900,-17.3800,-6.0000,matched_strict
314.0000,305.0000,38.7100,38.9616,67.1100,38.7156,38.9714,67.0000,5.6300,9.7700,-11.0000,matched_strict
315.0000,307.0000,38.9671,39.0294,69.7900,38.9672,39.0005,70.0500,0.0700,-28.9300,26.0000,unmatched_offset
316.0000,306.0000,38.9771,39.3288,60.0700,38.9562,39.3260,59.9900,-20.8200,-2.7600,-8.0000,matched_strict
317.0000,308.0000,39.0066,39.0771,67.1200,39.0005,39.0703,66.9500,-6.0600,-6.8200,-17.0000,matched_strict
318.0000,309.0000,39.0744,39.1121,69.7700,39.0703,39.1156,69.7800,-4.1400,3.5000,1.0000,matched_strict
319.0000,310.0000,39.1121,39.3230,67.1800,39.1156,39.3370,67.0600,3.5000,13.9900,-12.0000,matched_strict
320.0000,311.0000,39.3273,39.6307,65.0400,39.3307,39.6510,65.0800,3.4200,20.3800,4.0000,matched_strict
321.0000,312.0000,39.3292,39.4739,75.9800,39.3448,39.4422,75.8200,15.6200,-31.7300,-16.0000,unmatched_offset
322.0000,313.0000,39.4775,39.6527,77.1300,39.4578,39.6453,77.0200,-19.7100,-7.4200,-11.0000,matched_strict
323.0000,314.0000,39.6559,39.7269,81.0100,39.7214,39.9031,80.9700,65.4400,176.2500,-4.0000,unmatched_onset
324.0000,315.0000,39.6561,39.7121,77.1572,39.7406,39.8849,77.0200,84.4900,172.8100,-13.7190,unmatched_onset
325.0000,315.0000,39.7191,39.8869,77.1572,39.7406,39.8849,77.0200,21.5500,-2.0200,-13.7190,matched_strict
326.0000,314.0000,39.7296,39.9079,81.0116,39.7214,39.9031,80.9700,-8.2200,-4.7800,-4.1570,matched_strict
327.0000,316.0000,39.9085,40.1009,72.2050,39.9073,40.1156,71.9400,-1.2200,14.7700,-26.5000,matched_strict
328.0000,317.0000,39.9119,40.0776,79.1200,39.9104,40.0943,78.9300,-1.5100,16.6300,-19.0000,matched_strict
329.0000,319.0000,40.1005,40.2989,65.0400,40.1042,40.3047,64.8900,3.7200,5.7600,-15.0000,matched_strict
330.0000,318.0000,40.1039,40.3083,76.1100,40.0969,40.3141,76.1300,-6.9900,5.7300,2.0000,matched_strict
331.0000,320.0000,40.2989,40.7028,65.0300,40.3047,40.6953,64.9900,5.7600,-7.4900,-4.0000,matched_strict
332.0000,321.0000,40.3083,40.3639,76.1000,40.3141,40.3505,76.0500,5.7300,-13.4000,-5.0000,matched_strict
333.0000,322.0000,40.3639,40.4027,77.2600,40.3505,40.3969,76.9200,-13.4000,-5.8300,-33.9970,matched_strict
334.0000,323.0000,40.4027,40.4624,76.0150,40.3969,40.4604,75.9200,-5.8300,-1.9600,-9.5000,matched_strict
335.0000,324.0000,40.4636,40.6962,77.1000,40.4604,40.8755,76.9200,-3.1400,179.3700,-18.0000,unmatched_offset
336.0000,,40.6946,41.1212,77.1058,,,,,,,missed
337.0000,325.0000,40.7007,40.7644,67.0600,40.6953,40.7604,66.4200,-5.3400,-3.9400,-64.0000,unmatched_pitch
338.0000,326.0000,40.7644,40.8406,65.1850,40.7604,40.8141,65.0800,-3.9400,-26.5200,-10.5000,unmatched_offset
339.0000,327.0000,40.8422,40.8856,67.1000,40.8141,40.8823,66.4000,-28.1500,-3.2900,-70.0000,unmatched_pitch
340.0000,328.0000,40.8856,41.1341,65.0500,40.8844,41.1344,64.9900,-1.2100,0.2200,-6.0000,matched_strict
341.0000,329.0000,41.1272,41.2989,68.9000,41.1287,41.3016,68.8700,1.4500,2.6100,-3.0000,matched_strict
342.0000,330.0000,41.1336,41.7101,60.0951,41.1339,41.6927,60.1400,0.2900,-17.3500,4.4870,matched_strict
343.0000,331.0000,41.2989,41.5034,65.0000,41.3016,41.5057,64.9900,2.6100,2.3600,-1.0000,matched_strict
344.0000,332.0000,41.5034,41.6945,68.9300,41.5057,41.7099,68.9900,2.3600,15.3600,6.0000,matched_strict
345.0000,333.0000,41.6945,41.8888,68.9500,41.7109,41.9042,68.7700,16.4000,15.3700,-18.0000,matched_strict
346.0000,334.0000,41.7182,41.8598,74.1600,41.7161,41.8969,74.0300,-2.0200,37.1100,-13.0000,unmatched_offset
347.0000,335.0000,41.9074,42.1061,70.0000,41.9062,42.1088,70.0300,-1.2000,2.8000,3.0000,matched_strict
348.0000,336.0000,41.9093,42.1091,60.0451,41.9162,42.1068,59.9900,6.8400,-2.3800,-5.5130,matched_strict
349.0000,337.0000,42.1061,42.2313,69.9550,42.1104,42.2500,70.0900,4.3700,18.7100,13.5000,matched_strict
350.0000,338.0000,42.1145,42.5191,60.0600,42.1104,42.5083,59.9900,-4.0500,-10.7600,-7.0000,matched_strict
351.0000,339.0000,42.2456,42.5267,67.1000,42.2526,42.5094,67.0000,7.0000,-17.3400,-10.0000,matched_strict
352.0000,340.0000,42.5069,42.5597,69.7650,42.5078,42.5490,69.8500,0.9000,-10.7800,8.5000,matched_strict
353.0000,341.0000,42.5191,42.8773,60.0600,42.5104,42.8713,59.9900,-8.6700,-5.9900,-7.0000,matched_strict
354.0000,342.0000,42.5597,42.6122,67.0844,42.5490,42.6135,67.0000,-10.7800,1.3000,-8.4410,matched_strict
355.0000,343.0000,42.6122,42.6736,69.7700,42.6135,42.6693,70.1600,1.3000,-4.3500,39.0000,matched_strict
356.0000,344.0000,42.6736,42.8630,67.0844,42.6693,42.8740,67.0000,-4.3500,10.9900,-8.4410,matched_strict
357.0000,345.0000,42.8677,42.9744,65.0500,42.8729,43.2031,65.0500,5.2200,228.6800,0.0000,unmatched_offset
358.0000,,42.8773,42.9814,60.1100,,,,,,,missed
359.0000,,42.8828,42.9672,75.9752,,,,,,,missed
360.0000,346.0000,42.9744,43.1931,77.0086,43.0078,43.1958,77.0200,33.3700,2.7000,1.1420,matched_strict
361.0000,348.0000,43.1911,43.2676,77.0030,43.1979,43.4354,77.0200,6.7800,167.8400,1.6990,unmatched_offset
362.0000,347.0000,43.1959,43.2679,80.9700,43.1927,43.2755,80.9700,-3.1700,7.6100,0.0000,matched_strict
363.0000,349.0000,43.2679,43.4445,80.9700,43.2755,43.4380,80.9800,7.6100,-6.5200,1.0000,matched_strict
364.0000,,43.2701,43.4464,77.0030,,,,,,,missed
365.0000,351.0000,43.4502,43.6129,79.1700,43.4537,43.6234,79.0200,3.4400,10.5600,-15.0000,matched_strict
366.0000,350.0000,43.4509,43.6303,72.2400,43.4531,43.6219,72.0200,2.2300,-8.4100,-22.0000,matched_strict
367.0000,353.0000,43.6281,43.8393,76.1850,43.6328,43.8349,76.1000,4.7300,-4.3700,-8.5000,matched_strict
368.0000,352.0000,43.6332,43.8414,65.0200,43.6250,43.8453,64.8900,-8.1900,3.9500,-13.0000,matched_strict
369.0000,354.0000,43.8381,43.8895,77.1700,43.8422,43.8953,77.0200,4.0400,5.7900,-15.0000,matched_strict
370.0000,355.0000,43.8414,44.2172,65.0000,43.8453,44.2198,64.9900,3.9500,2.5600,-1.0000,matched_strict
371.0000,356.0000,43.8895,43.9725,76.0050,43.8953,43.9630,76.0500,5.7900,-9.4500,4.5000,matched_strict
372.0000,357.0000,43.9725,44.2593,77.2450,43.9630,44.3891,77.0200,-9.4500,129.7400,-22.5000,unmatched_offset
373.0000,358.0000,44.2232,44.2983,66.8200,44.2198,44.2745,66.8600,-3.3700,-23.8100,4.0000,matched_strict
374.0000,,44.2593,44.5707,77.1900,,,,,,,missed
375.0000,359.0000,44.2983,44.3442,65.1500,44.2745,44.3349,65.0800,-23.8100,-9.3200,-7.0000,matched_strict
376.0000,360.0000,44.3442,44.4098,66.6900,44.3349,44.4047,66.4200,-9.3200,-5.0800,-27.0000,unmatched_pitch
377.0000,,44.4006,44.6624,60.1000,,,,,,,missed
378.0000,361.0000,44.4081,44.6636,65.0400,44.4052,44.6630,64.9900,-2.9400,-0.5600,-5.0000,matched_strict
379.0000,362.0000,44.6608,44.8366,68.8700,44.6568,44.8323,68.9600,-4.0500,-4.3400,9.0000,matched_strict
380.0000,363.0000,44.6624,45.2101,60.0965,44.6625,45.6349,59.9900,0.1100,424.8400,-10.6520,unmatched_offset
381.0000,364.0000,44.8366,45.0235,64.9800,44.8323,45.0339,64.9900,-4.3400,10.3900,1.0000,matched_strict
382.0000,365.0000,45.0235,45.2194,68.9200,45.0339,45.2245,68.8600,10.3900,5.0500,-6.0000,matched_strict
383.0000,366.0000,45.2194,45.3796,68.9700,45.2260,45.3990,68.8700,6.6100,19.4100,-10.0000,matched_strict
384.0000,367.0000,45.2304,45.3734,74.1100,45.2354,45.4016,74.0300,5.0000,28.1600,-8.0000,unmatched_offset
385.0000,368.0000,45.3886,45.6311,70.0200,45.3990,45.6323,70.0100,10.3300,1.2100,-1.0000,matched_strict
386.0000,,45.3933,45.6176,60.0437,,,,,,,missed
387.0000,370.0000,45.6187,45.9997,60.0400,45.6375,45.9880,59.9900,18.7700,-11.7100,-5.0000,matched_strict
388.0000,369.0000,45.6311,45.7607,69.9800,45.6339,45.7781,70.1200,2.7700,17.4000,14.0000,matched_strict
389.0000,371.0000,45.7793,45.9995,67.1800,45.7781,45.9937,67.0800,-1.1600,-5.7900,-10.0000,matched_strict
390.0000,372.0000,45.9939,46.0323,69.7450,45.9896,46.0495,69.6500,-4.3500,17.2100,-9.5000,matched_strict
391.0000,373.0000,45.9997,46.3760,60.0400,46.0057,46.3995,59.9700,6.0000,23.4300,-7.0000,matched_strict
392.0000,374.0000,46.0323,46.0845,67.1800,46.0344,46.0969,67.1500,2.1000,12.3900,-3.0000,matched_strict
393.0000,375.0000,46.0845,46.1373,69.8700,46.0865,46.1479,69.9100,1.9800,10.5700,4.0000,matched_strict
394.0000,376.0000,46.1373,46.3770,67.1800,46.1479,46.3776,67.0900,10.5700,0.6200,-9.0000,matched_strict
395.0000,377.0000,46.3770,46.6497,67.1800,46.3776,46.6536,67.1400,0.6200,3.9400,-4.0000,matched_strict
396.0000,378.0000,46.3810,46.6547,63.8600,46.3833,46.6333,63.9500,2.3300,-21.3600,9.0000,matched_strict
397.0000,379.0000,46.6497,46.7360,67.0800,46.6536,46.7516,67.0900,3.9400,15.6000,1.0000,matched_strict
398.0000,380.0000,46.6673,46.7395,72.0400,46.6562,47.0010,72.0800,-11.0800,261.5700,4.0000,unmatched_offset
399.0000,381.0000,46.7395,47.0146,72.0800,46.7516,46.7807,69.5400,12.0900,-233.8700,-254.0000,unmatched_pitch
400.0000,381.0000,46.7395,46.7866,69.8500,46.7516,46.7807,69.5400,12.0800,-5.8800,-31.0000,matched_strict
401.0000,382.0000,46.7866,46.8432,68.9650,46.7807,46.8401,68.8700,-5.8800,-3.0900,-9.5000,matched_strict
402.0000,383.0000,46.8432,47.0030,69.8600,46.8401,47.0104,69.7800,-3.0900,7.4300,-8.0000,matched_strict
403.0000,384.0000,47.0090,47.1836,79.0400,47.0115,47.1932,79.0200,2.4300,9.6500,-2.0000,matched_strict
404.0000,385.0000,47.0216,47.1677,74.1200,47.0125,47.1698,74.0300,-9.1200,2.1100,-9.0000,matched_strict
405.0000,386.0000,47.1677,47.3547,70.0700,47.1698,47.3505,70.1200,2.1100,-4.2100,5.0000,matched_strict
406.0000,387.0000,47.3509,47.5603,74.1050,47.3516,47.5463,74.1400,0.6200,-13.9200,3.5000,matched_strict
407.0000,388.0000,47.3547,47.5611,70.0600,47.3521,47.5630,70.2100,-2.6500,1.9400,15.0000,matched_strict
408.0000,389.0000,47.5628,47.7620,72.0200,47.5656,47.7573,72.0200,2.8700,-4.7100,0.0000,matched_strict
409.0000,390.0000,47.5661,47.7672,69.0600,47.5688,47.7589,69.0300,2.6500,-8.3800,-3.0000,matched_strict
410.0000,391.0000,47.7627,47.9564,72.0300,47.7573,47.9141,72.1000,-5.4600,-42.3900,7.0000,unmatched_offset
411.0000,392.0000,47.7672,47.9537,69.0000,47.7594,48.1479,69.0300,-7.8600,194.1900,3.0000,unmatched_offset
412.0000,393.0000,47.9537,48.1524,65.1300,47.9562,48.1505,65.0500,2.5200,-1.8600,-8.0000,matched_strict
413.0000,395.0000,48.1506,48.3222,67.1200,48.1552,48.3328,67.0800,4.6200,10.6000,-4.0000,matched_strict
414.0000,394.0000,48.1534,48.3207,72.0100,48.1536,48.3146,72.0300,0.2800,-6.1500,2.0000,matched_strict
415.0000,396.0000,48.3222,48.5274,67.0900,48.3328,48.5672,67.0800,10.6000,39.7500,-1.0000,unmatched_offset
416.0000,397.0000,48.3308,48.5213,64.0300,48.3349,48.5635,64.0200,4.0900,42.2900,-1.0000,unmatched_offset
417.0000,398.0000,48.5262,48.6108,63.9750,48.5917,48.6620,65.0000,65.4200,51.1800,102.5000,unmatched_onset+pitch
418.0000,,48.5274,48.6126,67.1500,,,,,,,missed
419.0000,398.0000,48.6078,48.6651,64.9000,48.5917,48.6620,65.0000,-16.1000,-3.1500,10.0000,matched_strict
420.0000,,48.6107,48.7351,64.9773,,,,,,,missed
421.0000,400.0000,48.6674,48.7503,64.1500,48.7276,48.9724,64.9300,60.1900,222.1100,78.0000,unmatched_onset+pitch
422.0000,400.0000,48.7351,48.9767,64.9900,48.7276,48.9724,64.9300,-7.5300,-4.3000,-6.0000,matched_strict
423.0000,402.0000,48.9722,49.3250,72.1000,48.9745,49.3516,72.0200,2.3000,26.5700,-8.0000,unmatched_offset
424.0000,401.0000,48.9767,49.3366,65.0000,48.9745,49.3490,64.9900,-2.2200,12.3600,-1.0000,matched_strict
425.0000,403.0000,49.3429,49.3938,68.8831,49.3500,49.4016,68.7300,7.1300,7.7400,-15.3120,matched_strict
426.0000,404.0000,49.3643,49.9568,60.0951,49.3542,49.7682,60.6800,-10.1600,-188.5600,58.4870,unmatched_pitch
427.0000,405.0000,49.3932,49.4535,69.9300,49.3734,49.4276,70.1200,-19.7600,-25.9000,19.0000,unmatched_offset
428.0000,406.0000,49.4392,49.5472,68.9300,49.4443,49.5422,68.8700,5.1100,-4.9900,-6.0000,matched_strict
429.0000,407.0000,49.5472,49.7575,65.0250,49.5438,49.7568,64.9300,-3.4300,-0.7300,-9.5000,matched_strict
430.0000,408.0000,49.7575,49.9582,69.0600,49.7568,49.9604,69.0300,-0.7300,2.1800,-3.0000,matched_strict
431.0000,409.0000,49.9582,50.1699,69.1000,49.9641,50.1682,69.0300,5.8200,-1.7000,-7.0000,matched_strict
432.0000,410.0000,49.9772,50.1551,74.1400,49.9734,50.1672,74.0800,-3.7100,12.0900,-6.0000,matched_strict
433.0000,412.0000,50.1593,50.3690,60.0400,50.1859,50.3917,59.9900,26.6900,22.6300,-5.0000,matched_strict
434.0000,411.0000,50.1890,50.3623,69.9359,50.1713,50.3797,70.0600,-17.6700,17.3400,12.4100,matched_strict
435.0000,413.0000,50.3664,50.5556,69.9300,50.3818,50.5562,70.0100,15.3500,0.6000,8.0000,matched_strict
436.0000,414.0000,50.3740,50.7521,60.0500,50.3922,50.7713,59.9900,18.1500,19.2200,-6.0000,matched_strict
437.0000,415.0000,50.5615,50.7653,67.1400,50.5594,50.7901,67.0800,-2.1400,24.8400,-6.0000,matched_strict
438.0000,416.0000,50.7571,51.1676,60.0437,50.7760,51.1625,59.9000,18.9100,-5.0800,-14.3740,matched_strict
439.0000,417.0000,50.7644,50.8029,67.1358,50.7885,50.8401,69.6500,24.1300,37.2300,251.4200,unmatched_pitch
440.0000,417.0000,50.7921,50.8536,69.8400,50.7885,50.8401,69.6500,-3.5900,-13.5300,-19.0000,matched_strict
441.0000,418.0000,50.8344,50.8986,67.1400,50.8401,50.9047,67.0000,5.7400,6.0600,-14.0000,matched_strict
442.0000,419.0000,50.8986,50.9612,69.8500,50.9047,50.9594,70.0600,6.0600,-1.8100,21.0000,matched_strict
443.0000,420.0000,50.9617,51.1536,67.1400,50.9594,51.1703,67.0800,-2.3300,16.7500,-6.0000,matched_strict
444.0000,421.0000,51.1775,51.4875,65.0400,51.1693,51.4937,65.0500,-8.2700,6.2600,1.0000,matched_strict
445.0000,422.0000,51.1791,51.3082,75.8800,51.1828,51.2802,75.8200,3.7300,-28.0300,-6.0000,unmatched_offset
446.0000,423.0000,51.3082,51.4938,77.0700,51.2828,51.4719,77.0500,-25.4300,-21.8900,-2.0000,matched_strict
447.0000,,51.4952,51.5547,77.1058,,,,,,,missed
448.0000,424.0000,51.5004,51.5551,80.9700,51.4859,51.5646,80.9800,-14.4300,9.5200,1.0000,matched_strict
449.0000,425.0000,51.5551,51.7457,81.0400,51.5646,51.7448,80.9800,9.5200,-0.8800,-6.0000,matched_strict
450.0000,,51.5617,51.7455,77.1072,,,,,,,missed
451.0000,426.0000,51.7473,51.9488,72.1200,51.7516,51.9531,72.0200,4.2100,4.2800,-10.0000,matched_strict
452.0000,427.0000,51.7508,51.9198,79.1750,51.7526,51.9349,79.0200,1.7800,15.0800,-15.5000,matched_strict
453.0000,429.0000,51.9370,52.1382,64.9800,51.9479,52.1458,64.8900,10.8800,7.6700,-9.0000,matched_strict
454.0000,428.0000,51.9372,52.1514,76.1300,51.9365,52.1552,76.1000,-0.7600,3.8600,-3.0000,matched_strict
455.0000,430.0000,52.1382,52.5040,65.0000,52.1458,52.5286,64.9300,7.6700,24.6700,-7.0000,matched_strict
456.0000,431.0000,52.1514,52.2225,77.2100,52.1557,52.2088,77.1000,4.3800,-13.7000,-11.0000,matched_strict
457.0000,432.0000,52.2225,52.2911,76.0780,52.2088,52.2740,76.9700,-13.7000,-17.1800,89.2040,unmatched_pitch
458.0000,433.0000,52.2911,52.5142,77.1058,52.2740,52.5328,77.0200,-17.1800,18.6000,-8.5800,matched_strict
459.0000,434.0000,52.5040,52.5534,65.0750,52.5286,52.5875,66.4000,24.6700,34.1300,132.5000,unmatched_pitch
460.0000,,52.5162,52.9633,77.1058,,,,,,,missed
461.0000,435.0000,52.5439,52.5974,66.9100,52.5859,52.9573,65.0800,42.0800,359.9000,-183.0000,unmatched_pitch
462.0000,435.0000,52.5903,52.9937,65.0400,52.5859,52.9573,65.0800,-4.3800,-36.4500,4.0000,unmatched_offset
463.0000,436.0000,52.9640,53.0932,68.9900,52.9573,53.1120,68.9600,-6.7300,18.7700,-3.0000,matched_strict
464.0000,437.0000,52.9763,53.5043,60.0437,52.9724,53.5068,60.1400,-3.9100,2.4900,9.6260,matched_strict
465.0000,438.0000,53.0973,53.3165,64.9900,53.1120,53.3162,65.0000,14.7000,-0.3000,1.0000,matched_strict
466.0000,439.0000,53.3165,53.5087,68.9700,53.3162,53.5156,68.9600,-0.3000,6.8900,-1.0000,matched_strict
467.0000,440.0000,53.5087,53.7019,68.9800,53.5156,53.6990,68.7700,6.8900,-2.9900,-21.0000,matched_strict
468.0000,441.0000,53.5328,53.6787,74.2000,53.5162,53.6953,74.0900,-16.6400,16.5800,-11.0000,matched_strict
469.0000,443.0000,53.7053,53.9326,70.0000,53.7125,53.9286,70.0300,7.2400,-3.9200,3.0000,matched_strict
470.0000,442.0000,53.7106,53.9254,59.9923,53.7120,53.9302,59.9900,1.4000,4.8200,-0.2340,matched_strict
471.0000,445.0000,53.9231,54.3247,60.0400,53.9302,54.6713,59.9900,7.1000,346.6300,-5.0000,unmatched_offset
472.0000,444.0000,53.9326,54.0851,69.9400,53.9286,54.0875,70.0500,-3.9200,2.4200,11.0000,matched_strict
473.0000,446.0000,54.0983,54.3175,67.1800,54.0927,54.3172,67.0800,-5.6200,-0.3400,-10.0000,matched_strict
474.0000,447.0000,54.3209,54.3890,69.7200,54.3172,54.3719,69.6500,-3.6800,-17.0800,-7.0000,matched_strict
475.0000,,54.3247,54.6772,60.0600,,,,,,,missed
476.0000,448.0000,54.3954,54.4398,67.2900,54.3719,54.4219,67.0800,-23.5100,-17.9500,-20.9970,matched_strict
477.0000,449.0000,54.4240,54.4914,69.7900,54.4219,54.4838,70.0600,-2.0800,-7.5800,27.0000,matched_strict
478.0000,450.0000,54.4953,54.6666,67.2386,54.4838,54.6776,67.0800,-11.4400,10.9700,-15.8580,matched_strict
479.0000,,54.6791,54.8107,75.9750,,,,,,,missed
480.0000,451.0000,54.6922,55.0045,65.0150,54.6776,55.0162,65.0800,-14.5900,11.6400,6.5000,matched_strict
481.0000,452.0000,54.8114,54.9808,77.0030,54.8104,54.9995,76.9700,-1.0100,18.6700,-3.3010,matched_strict
482.0000,,54.9848,55.0442,77.0030,,,,,,,missed
483.0000,453.0000,54.9922,55.0567,80.9602,54.9995,55.0714,80.9700,7.2300,14.6500,0.9820,matched_strict
484.0000,,55.0477,55.2505,77.0030,,,,,,,missed
485.0000,455.0000,55.0571,55.2519,80.9900,55.0714,55.2516,80.9700,14.2500,-0.3200,-2.0000,matched_strict
486.0000,456.0000,55.2549,55.4725,72.1300,55.2537,55.4578,72.0200,-1.2800,-14.6600,-11.0000,matched_strict
487.0000,457.0000,55.2574,55.4336,79.2700,55.2568,55.4365,79.0200,-0.6500,2.8400,-25.0000,matched_strict
488.0000,,55.4444,55.6397,65.0100,,,,,,,missed
489.0000,458.0000,55.4471,55.6448,76.1000,55.4380,55.6490,76.0500,-9.0700,4.1200,-5.0000,matched_strict
490.0000,459.0000,55.6397,56.0414,65.0300,55.6536,56.0370,64.9900,13.9400,-4.3800,-4.0000,matched_strict
491.0000,460.0000,55.6540,55.7245,77.2600,55.6536,55.7156,76.9500,-0.4000,-8.8700,-30.9970,matched_strict
492.0000,461.0000,55.7245,55.7867,75.9900,55.7177,55.7870,76.0000,-6.7900,0.2300,1.0000,matched_strict
493.0000,462.0000,55.7889,56.0157,77.2600,55.7870,56.0162,77.0200,-1.9700,0.4000,-23.9970,matched_strict
494.0000,,56.0197,56.4244,77.1614,,,,,,,missed
495.0000,463.0000,56.0307,56.1021,67.0500,56.0250,56.1031,66.8400,-5.6900,1.0600,-21.0000,matched_strict
496.0000,464.0000,56.1021,56.1586,65.1200,56.0891,56.1630,64.9900,-13.0000,4.4200,-13.0000,matched_strict
497.0000,465.0000,56.1586,56.2229,67.1100,56.1557,56.2219,66.0200,-2.8700,-1.0600,-109.0000,unmatched_pitch
498.0000,466.0000,56.2281,56.4593,65.0350,56.2193,56.4547,64.9900,-8.8800,-4.6300,-4.5000,matched_strict
499.0000,467.0000,56.4444,56.6303,68.9100,56.4448,56.6365,68.9600,0.3800,6.1900,5.0000,matched_strict
500.0000,468.0000,56.4574,57.0192,60.0951,56.4531,57.0141,60.1400,-4.2600,-5.1800,4.4870,matched_strict
501.0000,469.0000,56.6303,56.8173,65.0400,56.6365,56.8271,64.9900,6.1900,9.8000,-5.0000,matched_strict
502.0000,470.0000,56.8173,57.0213,68.9600,56.8271,57.0312,68.9600,9.8000,9.9000,0.0000,matched_strict
503.0000,472.0000,57.0213,57.2140,68.9900,57.0312,57.2047,68.8700,9.9000,-9.2800,-12.0000,matched_strict
504.0000,471.0000,57.0361,57.2024,74.1100,57.0307,57.2083,74.0300,-5.4000,5.9700,-8.0000,matched_strict
505.0000,,57.2021,57.4092,60.0300,,,,,,,missed
506.0000,473.0000,57.2096,57.4116,69.9700,57.2047,57.4172,69.8500,-4.9300,5.6200,-12.0000,matched_strict
507.0000,,57.4092,57.7713,60.0400,,,,,,,missed
508.0000,474.0000,57.4116,57.5715,69.9650,57.4172,57.5755,70.0000,5.6200,4.0500,3.5000,matched_strict
509.0000,475.0000,57.5715,57.7977,67.1500,57.5766,57.8016,67.0800,5.0900,3.8700,-7.0000,matched_strict
510.0000,477.0000,57.7775,58.1718,60.0400,57.8036,58.1802,59.9900,26.1900,8.4200,-5.0000,matched_strict
511.0000,476.0000,57.7940,57.8392,69.8250,57.7979,57.8443,69.6500,3.9500,5.0700,-17.5000,matched_strict
512.0000,478.0000,57.8392,57.8972,67.1400,57.8443,57.9016,67.0800,5.0700,4.3200,-6.0000,matched_strict
513.0000,479.0000,57.8972,57.9682,69.7900,57.9016,57.9651,69.8500,4.3200,-3.0700,6.0000,matched_strict
514.0000,480.0000,57.9682,58.1658,67.1200,57.9651,58.1734,67.0800,-3.0700,7.6400,-4.0000,matched_strict
515.0000,481.0000,58.1658,58.4385,67.1600,58.1734,58.4297,67.1200,7.6400,-8.7600,-4.0000,matched_strict
516.0000,482.0000,58.1764,58.4330,63.8900,58.1760,58.4135,63.9500,-0.3700,-19.4800,6.0000,matched_strict
517.0000,484.0000,58.4385,58.5259,67.1600,58.4297,58.5312,67.0800,-8.7600,5.3500,-8.0000,matched_strict
518.0000,483.0000,58.4461,58.5270,72.0300,58.4167,58.5547,71.8900,-29.3900,27.6600,-14.0000,unmatched_offset
519.0000,486.0000,58.5270,58.7639,72.0500,58.5547,58.7760,71.8800,27.6600,12.1400,-17.0000,matched_strict
520.0000,485.0000,58.5282,58.5592,69.8200,58.5312,58.5875,69.6900,3.0800,28.3300,-13.0000,unmatched_offset
521.0000,487.0000,58.5592,58.6138,68.9100,58.5557,58.6255,68.6000,-3.4400,11.7400,-31.0000,matched_strict
522.0000,488.0000,58.6162,58.7605,69.8900,58.6255,58.7849,69.8500,9.3600,24.3900,-4.0000,matched_strict
523.0000,489.0000,58.7899,59.1568,74.2150,58.7885,58.9646,74.1400,-1.3700,-192.1700,-7.5000,unmatched_offset
524.0000,490.0000,58.7950,58.9555,79.4050,58.7948,58.9838,79.2100,-0.2500,28.3900,-19.5000,unmatched_offset
525.0000,491.0000,58.9638,59.1628,69.9550,58.9646,59.1568,70.0500,0.7700,-6.0200,9.5000,matched_strict
526.0000,493.0000,59.1598,59.3328,74.0300,59.1604,59.3370,74.1400,0.6200,4.1900,11.0000,matched_strict
527.0000,492.0000,59.1628,59.3502,69.9200,59.1573,59.3453,70.0500,-5.5000,-4.8900,13.0000,matched_strict
528.0000,494.0000,59.3389,59.5484,71.9900,59.3443,59.5484,72.0200,5.3600,0.0200,3.0000,matched_strict
529.0000,495.0000,59.3487,59.5594,69.0500,59.3542,59.5516,69.0300,5.4600,-7.8500,-2.0000,matched_strict
530.0000,496.0000,59.5484,59.7391,72.0900,59.5495,59.7115,72.0300,1.0600,-27.6800,-6.0000,unmatched_offset
531.0000,497.0000,59.5594,59.7312,68.9300,59.5526,59.9464,68.8700,-6.8100,215.1700,-6.0000,unmatched_offset
532.0000,498.0000,59.7312,59.9365,65.0300,59.7396,59.9620,65.0500,8.4000,25.4700,2.0000,unmatched_offset
533.0000,499.0000,59.9437,60.1048,72.0200,59.9484,60.1302,72.0300,4.7700,25.3600,1.0000,unmatched_offset
534.0000,500.0000,59.9494,60.1264,67.1300,59.9568,60.1323,67.0800,7.3200,5.9000,-5.0000,matched_strict
535.0000,501.0000,60.1264,60.3213,67.1700,60.1323,60.4094,67.1400,5.9000,88.0800,-3.0000,unmatched_offset
536.0000,502.0000,60.1344,60.3203,63.9900,60.1448,60.4078,63.9900,10.4200,87.4600,0.0000,unmatched_offset
537.0000,,60.3203,60.4228,63.9000,,,,,,,missed
538.0000,,60.3213,60.4241,67.1100,,,,,,,missed
539.0000,503.0000,60.4148,60.4628,65.0287,60.4266,60.4932,65.0000,11.7600,30.4600,-2.8740,unmatched_offset
540.0000,504.0000,60.4174,60.4682,65.0300,60.4755,60.5458,63.9500,58.1500,77.6300,-108.0000,unmatched_onset+pitch
541.0000,504.0000,60.4628,60.5252,64.0100,60.4755,60.5458,63.9500,12.7500,20.6000,-6.0000,matched_strict
542.0000,505.0000,60.5282,60.7579,65.0200,60.5463,60.7682,64.8900,18.1500,10.3000,-13.0000,matched_strict
543.0000,506.0000,60.7579,61.1672,65.0100,60.7703,61.1693,64.9900,12.3800,2.1000,-2.0000,matched_strict
544.0000,507.0000,60.7704,61.1686,72.0700,60.7719,61.1724,72.0200,1.4600,3.8000,-5.0000,matched_strict
545.0000,508.0000,61.1624,61.2256,69.0950,61.1719,61.2234,68.9600,9.4300,-2.1900,-13.5000,matched_strict
546.0000,509.0000,61.1686,61.5876,72.0500,61.1760,61.5823,71.8900,7.4400,-5.3100,-16.0000,matched_strict
547.0000,510.0000,61.2256,61.2958,70.0500,61.2234,61.2901,70.3500,-2.1900,-5.6800,30.0000,matched_strict
548.0000,511.0000,61.2958,61.3991,68.9900,61.2901,61.3969,69.0300,-5.6800,-2.2700,4.0000,matched_strict
549.0000,512.0000,61.3991,61.5967,65.0000,61.3969,61.6094,64.9500,-2.2700,12.6500,-5.0000,matched_strict
550.0000,513.0000,61.5876,61.7419,71.3100,61.5828,61.7281,71.9300,-4.7900,-13.7400,62.0000,unmatched_pitch
551.0000,514.0000,61.7435,61.9008,72.0180,61.7281,61.9448,71.8900,-15.3700,43.9400,-12.8010,unmatched_offset
552.0000,515.0000,61.9500,62.1619,71.9900,61.9464,62.2656,72.0200,-3.6300,103.7400,3.0000,unmatched_offset
553.0000,,61.9583,62.0377,71.1444,,,,,,,missed
554.0000,,62.0547,62.1661,72.0180,,,,,,,missed
555.0000,,62.1619,62.2509,70.8900,,,,,,,missed
556.0000,517.0000,62.2658,62.5778,68.9400,62.2781,62.5818,69.0300,12.3200,3.9900,9.0000,matched_strict
557.0000,518.0000,62.5816,62.9167,72.0100,62.5797,62.9219,72.0200,-1.9400,5.1900,1.0000,matched_strict
558.0000,519.0000,62.5889,62.7469,65.0000,62.5896,62.7432,65.0800,0.7200,-3.6900,8.0000,matched_strict
559.0000,520.0000,62.7469,62.9319,68.9600,62.7432,62.9328,68.9600,-3.6900,0.9300,0.0000,matched_strict
560.0000,521.0000,62.9167,63.0886,70.9900,62.9219,63.0557,72.0200,5.1900,-32.8900,103.0000,unmatched_pitch
561.0000,522.0000,63.0897,63.2576,71.9152,63.0557,63.2474,71.8900,-34.0100,-10.1800,-2.5230,matched_strict
562.0000,524.0000,63.2559,63.3813,71.0900,63.2531,63.6167,70.9300,-2.7700,235.3900,-16.0000,unmatched_offset
563.0000,523.0000,63.2645,63.8813,71.9650,63.2479,63.3828,71.8900,-16.5900,-498.5300,-7.5000,unmatched_offset
564.0000,525.0000,63.3905,63.4584,71.9138,63.3828,63.8672,71.8900,-7.6400,408.7900,-2.3840,unmatched_offset
565.0000,,63.4609,63.6053,70.8700,,,,,,,missed
566.0000,526.0000,63.6206,63.8781,68.9450,63.6177,63.8854,68.8700,-2.9100,7.3200,-7.5000,matched_strict
567.0000,527.0000,63.8782,64.3939,72.0200,63.8740,64.2328,72.0800,-4.2000,-161.0800,6.0000,unmatched_offset
568.0000,528.0000,63.8845,64.0479,65.0300,63.8917,64.0458,64.9300,7.1400,-2.1000,-10.0000,matched_strict
569.0000,529.0000,64.0479,64.2226,68.9400,64.0458,64.2391,68.7700,-2.1000,16.4200,-17.0000,matched_strict
570.0000,530.0000,64.2226,64.3947,70.9100,64.2328,64.2370,70.7200,10.1700,-157.7600,-19.0000,unmatched_offset
571.0000,532.0000,64.3939,64.5652,72.0180,64.3771,64.5641,71.8900,-16.8100,-1.1700,-12.8010,matched_strict
572.0000,534.0000,64.5632,65.1564,71.9600,64.5682,64.7057,71.8900,5.0400,-450.6500,-7.0000,unmatched_offset
573.0000,533.0000,64.5656,64.6914,70.9600,64.5672,64.7047,70.8700,1.5600,13.2600,-9.0000,matched_strict
574.0000,535.0000,64.7014,64.7849,71.8800,64.7062,65.1578,71.8900,4.8200,372.8800,1.0000,unmatched_offset
575.0000,,64.7849,64.9172,70.8800,,,,,,,missed
576.0000,536.0000,64.9422,65.1668,68.8200,64.9406,65.1615,69.0300,-1.5600,-5.3400,21.0000,matched_strict
577.0000,537.0000,65.1638,65.4314,72.0800,65.1604,65.4266,71.9400,-3.4100,-4.8000,-14.0000,matched_strict
578.0000,538.0000,65.1739,65.4338,64.9600,65.1729,65.4266,64.8900,-0.9700,-7.2700,-7.0000,matched_strict
579.0000,539.0000,65.4234,65.5128,68.9859,65.4266,65.5224,69.0900,3.2000,9.6300,10.4100,matched_strict
580.0000,540.0000,65.4323,65.5233,72.0694,65.5193,65.7240,72.0000,86.9200,200.7000,-6.9410,unmatched_onset
581.0000,541.0000,65.5163,65.7067,68.9859,65.5229,65.7172,69.0800,6.6500,10.5200,9.4100,matched_strict
582.0000,540.0000,65.5235,65.7415,72.0200,65.5193,65.7240,72.0000,-4.2200,-17.5400,-2.0000,matched_strict
583.0000,543.0000,65.7198,66.1153,67.0900,65.7167,66.1349,67.0600,-3.0800,19.6500,-3.0000,matched_strict
584.0000,542.0000,65.7344,65.9251,62.0200,65.7167,65.9245,62.0000,-17.7800,-0.6400,-2.0000,matched_strict
585.0000,544.0000,65.9251,66.1145,64.9200,65.9245,66.1391,64.7700,-0.6400,24.6000,-15.0000,matched_strict
586.0000,545.0000,66.1153,66.5542,67.0800,66.1349,66.5385,67.0000,19.6500,-15.6600,-8.0000,matched_strict
587.0000,546.0000,66.1205,66.3336,63.9200,66.1359,66.3318,63.9500,15.4500,-1.8400,3.0000,matched_strict
588.0000,547.0000,66.3414,66.5441,72.0000,66.3344,66.5443,71.9400,-7.0100,0.1500,-6.0000,matched_strict
589.0000,549.0000,66.5441,66.9373,72.0100,66.5443,66.9552,71.9400,0.1500,17.8900,-7.0000,matched_strict
590.0000,548.0000,66.5453,66.5984,68.8550,66.5438,66.6010,68.5300,-1.5100,2.6700,-32.5000,matched_strict
591.0000,550.0000,66.5984,66.6635,67.1900,66.6010,66.6568,67.0800,2.6700,-6.7500,-11.0000,matched_strict
592.0000,551.0000,66.6635,66.7015,68.9100,66.6568,66.7156,68.4400,-6.7500,14.1700,-47.0000,unmatched_pitch
593.0000,552.0000,66.7015,66.9389,67.1250,66.7156,66.9531,67.0900,14.1700,14.1800,-3.5000,matched_strict
594.0000,553.0000,66.9389,67.2037,67.0900,66.9531,67.1922,67.0900,14.1800,-11.4700,0.0000,matched_strict
595.0000,554.0000,66.9535,67.2102,64.0300,66.9620,67.1859,64.2900,8.4700,-24.2200,26.0000,matched_strict
596.0000,556.0000,67.2037,67.2914,67.1000,67.1922,67.3193,67.0000,-11.4700,27.8400,-10.0000,unmatched_offset
597.0000,555.0000,67.2045,67.2988,71.9900,67.1911,67.3438,71.9400,-13.3400,44.9900,-5.0000,unmatched_offset
598.0000,557.0000,67.2960,67.3495,69.9100,67.2979,67.3568,69.5400,1.9100,7.2300,-37.0000,matched_strict
599.0000,559.0000,67.2988,67.5643,72.0400,67.3458,67.5630,72.0200,47.0700,-1.2400,-2.0000,matched_strict
600.0000,560.0000,67.3285,67.3877,68.9700,67.4021,67.5740,69.7800,73.6200,186.2600,81.0000,unmatched_onset+pitch
601.0000,560.0000,67.3945,67.5701,69.9900,67.4021,67.5740,69.7800,7.5400,3.8900,-21.0000,matched_strict
602.0000,561.0000,67.5668,67.7466,74.1900,67.5729,67.7427,74.1400,6.1500,-3.8800,-5.0000,matched_strict
603.0000,562.0000,67.5754,67.7519,79.1400,67.5734,67.7484,79.0200,-1.9900,-3.4900,-12.0000,matched_strict
604.0000,563.0000,67.7466,67.9315,70.0600,67.7427,67.9271,70.1200,-3.8800,-4.4600,6.0000,matched_strict
605.0000,565.0000,67.9283,68.1215,74.1400,67.9313,68.1359,74.1400,2.9500,14.4000,0.0000,matched_strict
606.0000,564.0000,67.9315,68.1215,70.0350,67.9281,68.1344,70.1200,-3.4200,12.8400,8.5000,matched_strict
607.0000,566.0000,68.1345,68.3247,72.0100,68.1318,68.3302,72.0200,-2.7000,5.5100,1.0000,matched_strict
608.0000,567.0000,68.1365,68.3398,69.0700,68.1417,68.3312,69.0300,5.1400,-8.5400,-4.0000,matched_strict
609.0000,568.0000,68.3247,68.4681,72.0300,68.3307,68.4875,72.0200,6.0300,19.4400,-1.0000,matched_strict
610.0000,569.0000,68.3398,68.4620,69.0400,68.3328,68.7339,69.0300,-6.9800,271.8900,-1.0000,unmatched_offset
611.0000,,68.4620,68.7078,68.9600,,,,,,,missed
612.0000,570.0000,68.4900,68.7543,65.0400,68.4932,68.7417,65.0500,3.2300,-12.6200,1.0000,matched_strict
613.0000,571.0000,68.7358,68.9052,72.0300,68.7339,68.9021,72.0300,-1.9500,-3.1400,0.0000,matched_strict
614.0000,572.0000,68.7378,68.8999,67.1400,68.7365,68.9083,67.1500,-1.3500,8.4000,1.0000,matched_strict
615.0000,573.0000,68.8999,69.1188,67.1500,68.9083,69.1182,67.1400,8.4000,-0.5200,-1.0000,matched_strict
616.0000,574.0000,68.9071,69.1193,63.9950,68.9125,69.1380,64.0200,5.4100,18.6800,2.5000,matched_strict
617.0000,575.0000,69.1188,69.2187,67.0800,69.1182,69.2266,67.0000,-0.5200,7.8800,-8.0000,matched_strict
618.0000,576.0000,69.1193,69.2303,63.9450,69.1417,69.2229,63.8600,22.3300,-7.3700,-8.5000,matched_strict
619.0000,577.0000,69.2124,69.2796,65.0200,69.2229,69.2776,64.6900,10.5200,-1.9500,-33.0000,matched_strict
620.0000,578.0000,69.2190,69.3345,65.0095,69.2750,69.3401,63.9500,55.9500,5.5500,-105.9460,unmatched_onset+pitch
621.0000,578.0000,69.2860,69.3464,64.0700,69.2750,69.3401,63.9500,-10.9700,-6.2900,-12.0000,matched_strict
622.0000,579.0000,69.3345,69.5505,65.0150,69.3302,69.5479,64.9900,-4.3400,-2.6200,-2.5000,matched_strict
623.0000,581.0000,69.5475,69.9497,72.0700,69.5557,69.9469,72.0200,8.2200,-2.8700,-5.0000,matched_strict
624.0000,580.0000,69.5505,69.9385,65.0100,69.5526,69.9250,64.9300,2.0600,-13.5000,-8.0000,matched_strict
625.0000,582.0000,69.9427,69.9982,68.7700,69.9437,70.0172,68.7000,1.0800,18.9900,-7.0000,matched_strict
626.0000,583.0000,69.9548,70.3658,72.0200,69.9474,70.4130,72.0000,-7.3500,47.1700,-2.0000,unmatched_offset
627.0000,584.0000,69.9982,70.0728,70.0700,70.0172,70.0713,70.4900,18.9900,-1.4700,42.0000,matched_strict
628.0000,585.0000,70.0782,70.1800,68.9400,70.0713,70.1813,69.0300,-6.8500,1.2900,9.0000,matched_strict
629.0000,586.0000,70.1800,70.3971,65.0100,70.1813,70.4318,64.9900,1.2900,34.6700,-2.0000,unmatched_offset
630.0000,587.0000,70.3658,70.4483,69.0694,70.4130,70.4297,71.9400,47.1700,-18.5700,287.0590,unmatched_pitch
631.0000,588.0000,70.4449,70.5713,71.0700,70.4297,70.5531,70.8400,-15.2300,-18.1300,-23.0000,matched_strict
632.0000,589.0000,70.5687,70.6876,71.9473,70.5526,70.6937,71.8900,-16.0600,6.2000,-5.7340,matched_strict
633.0000,590.0000,70.6929,70.8291,71.1100,70.6937,70.8286,70.8700,0.8200,-0.4300,-24.0000,matched_strict
634.0000,591.0000,70.6954,71.3540,71.9500,70.6958,70.8333,71.8900,0.4200,-520.6600,-6.0000,unmatched_offset
635.0000,592.0000,70.8344,70.9222,71.9473,70.8333,71.3385,71.9400,-1.0800,416.3900,-0.7340,unmatched_offset
636.0000,,70.9222,71.0489,70.9300,,,,,,,missed
637.0000,593.0000,71.0585,71.3375,69.0400,71.0547,71.3406,69.0300,-3.8000,3.1200,-1.0000,matched_strict
638.0000,594.0000,71.3581,71.6858,71.9473,71.3401,71.6906,72.0200,-18.0200,4.8200,7.2660,matched_strict
639.0000,595.0000,71.3605,71.5027,64.9750,71.3578,71.4990,65.0500,-2.7100,-3.7300,7.5000,matched_strict
640.0000,596.0000,71.5027,71.6974,68.9600,71.4990,71.6958,69.0300,-3.7300,-1.5800,7.0000,matched_strict
641.0000,597.0000,71.6858,71.8193,71.0800,71.6906,71.6917,70.8400,4.8200,-127.6500,-24.0000,unmatched_offset
642.0000,599.0000,71.8134,71.9743,71.8959,71.8297,71.9948,71.8900,16.2600,20.5100,-0.5950,matched_strict
643.0000,600.0000,71.9721,72.1526,72.0001,72.0088,72.1547,71.8900,36.7900,2.0800,-11.0130,matched_strict
644.0000,,72.0120,72.1552,70.9600,,,,,,,missed
645.0000,,72.1526,72.2505,71.9987,,,,,,,missed
646.0000,601.0000,72.2493,72.3940,70.9100,72.2677,72.4109,71.0200,18.4000,16.9300,11.0000,matched_strict
647.0000,603.0000,72.4201,72.6959,68.9600,72.4109,72.6880,69.0300,-9.1600,-7.8500,7.0000,matched_strict
648.0000,604.0000,72.6848,73.0452,71.9987,72.6875,73.0542,72.0300,2.6900,8.9300,3.1260,matched_strict
649.0000,605.0000,72.7024,72.8642,64.9900,72.6984,72.8552,65.0500,-3.9700,-9.0100,6.0000,matched_strict
650.0000,606.0000,72.8685,73.0616,69.0100,72.8573,73.0609,69.0300,-11.2300,-0.6500,2.0000,matched_strict
651.0000,607.0000,73.0452,73.1835,71.0350,73.0542,73.1792,71.9400,8.9300,-4.3200,90.5000,unmatched_pitch
652.0000,608.0000,73.1911,73.3657,71.9987,73.1792,73.3672,71.8900,-11.9000,1.4500,-10.8740,matched_strict
653.0000,609.0000,73.3656,73.4970,70.9100,73.3698,73.5026,71.9400,4.2200,5.6400,103.0000,unmatched_pitch
654.0000,609.0000,73.3657,73.5906,72.1015,73.3698,73.5026,71.9400,4.0500,-87.9800,-16.1520,unmatched_offset
655.0000,611.0000,73.4987,73.5966,72.1015,73.5036,73.9922,71.9400,4.9300,395.5600,-16.1520,unmatched_offset
656.0000,,73.5906,73.7466,70.9100,,,,,,,missed
657.0000,612.0000,73.7630,73.9904,69.0550,73.7604,73.9964,69.0300,-2.5300,5.9600,-2.5000,matched_strict
658.0000,613.0000,73.9962,74.2613,72.1000,73.9953,74.2599,72.0300,-0.8900,-1.4200,-7.0000,matched_strict
659.0000,614.0000,74.0034,74.2632,65.0000,74.0115,74.2672,64.8900,8.0500,3.9700,-11.0000,matched_strict
660.0000,615.0000,74.2613,74.3513,72.1000,74.2599,74.3464,69.1400,-1.4200,-4.9200,-296.0000,unmatched_pitch
661.0000,615.0000,74.2694,74.3456,68.9350,74.2599,74.3464,69.1400,-9.5000,0.7200,20.5000,matched_strict
662.0000,617.0000,74.3456,74.5186,68.9900,74.3531,74.5406,69.0300,7.5000,21.9900,4.0000,matched_strict
663.0000,616.0000,74.3513,74.5651,71.9900,74.3453,74.5661,72.0200,-5.9600,1.0700,3.0000,matched_strict
664.0000,619.0000,74.5384,74.9303,66.9600,74.5427,74.9437,66.9500,4.3100,13.5000,-1.0000,matched_strict
665.0000,618.0000,74.5427,74.7416,61.9800,74.5422,74.7474,61.9700,-0.4700,5.7800,-1.0000,matched_strict
666.0000,620.0000,74.7416,74.9298,64.9000,74.7474,74.9583,64.9300,5.7800,28.5100,3.0000,unmatched_offset
667.0000,621.0000,74.9303,75.1471,67.0100,74.9437,75.3557,66.9500,13.5000,208.6000,-6.0000,unmatched_offset
668.0000,622.0000,74.9400,75.1514,63.9500,74.9484,75.1338,64.1400,8.4400,-17.5300,19.0000,matched_strict
669.0000,623.0000,75.1471,75.3576,72.0150,75.1505,75.3604,71.9400,3.3900,2.8600,-7.5000,matched_strict
670.0000,624.0000,75.3576,75.7783,72.0100,75.3609,75.7542,72.0200,3.3800,-24.1500,1.0000,matched_strict
671.0000,625.0000,75.3695,75.4190,68.8200,75.3646,75.4141,68.6000,-4.9000,-4.9800,-22.0000,matched_strict
672.0000,626.0000,75.4190,75.4650,67.2000,75.4141,75.4729,67.0800,-4.9800,7.9300,-12.0000,matched_strict
673.0000,627.0000,75.4650,75.5242,68.8750,75.4729,75.5286,68.7700,7.9300,4.4400,-10.5000,matched_strict
674.0000,628.0000,75.5242,75.7440,67.1200,75.5286,75.7547,67.0800,4.4400,10.6500,-4.0000,matched_strict
675.0000,629.0000,75.7440,76.0424,67.0900,75.7547,76.0281,67.0800,10.6500,-14.3100,-1.0000,matched_strict
676.0000,630.0000,75.7623,76.0105,63.9900,75.7625,76.0135,63.9900,0.1800,3.0200,0.0000,matched_strict
677.0000,632.0000,76.0424,76.1266,67.0900,76.0281,76.1469,67.0000,-14.3100,20.2500,-9.0000,matched_strict
678.0000,631.0000,76.0560,76.1136,71.9900,76.0156,76.1292,72.0000,-40.4300,15.5500,1.0000,matched_strict
679.0000,634.0000,76.1136,76.3704,72.0200,76.1443,76.3786,72.0200,30.6500,8.2200,0.0000,matched_strict
680.0000,633.0000,76.1318,76.1713,69.8400,76.1292,76.1776,69.6500,-2.6400,6.3500,-19.0000,matched_strict
681.0000,635.0000,76.1713,76.2155,68.8650,76.1536,76.2161,68.1600,-17.6000,0.6700,-70.5000,unmatched_pitch
682.0000,636.0000,76.2159,76.3704,70.0700,76.2161,76.3844,69.7800,0.2400,13.9500,-29.0000,matched_strict
683.0000,637.0000,76.3764,76.7375,74.0544,76.3833,76.5396,74.0300,6.9500,-197.9300,-2.4410,unmatched_offset
684.0000,638.0000,76.3792,76.5484,79.0300,76.3838,76.5474,78.9700,4.6400,-1.0400,-6.0000,matched_strict
685.0000,639.0000,76.5493,76.7490,70.0700,76.5396,76.7469,70.1200,-9.7500,-2.1000,5.0000,matched_strict
686.0000,641.0000,76.7473,76.9103,74.0450,76.7516,76.9318,74.0800,4.2700,21.4800,3.5000,matched_strict
687.0000,640.0000,76.7490,76.9235,69.9650,76.7469,76.9359,70.1500,-2.1000,12.4300,18.5000,matched_strict
688.0000,642.0000,76.9272,77.1475,72.0300,76.9328,77.1417,72.0800,5.6100,-5.8300,5.0000,matched_strict
689.0000,643.0000,76.9345,77.1476,69.1100,76.9578,77.1427,69.0300,23.2700,-4.8900,-8.0000,matched_strict
690.0000,644.0000,77.1475,77.3166,72.0800,77.1417,77.3068,72.0500,-5.8300,-9.8700,-3.0000,matched_strict
691.0000,645.0000,77.1476,77.2899,69.0000,77.1453,77.5354,69.0300,-2.2900,245.5000,3.0000,unmatched_offset
692.0000,,77.2899,77.5256,68.9100,,,,,,,missed
693.0000,646.0000,77.3202,77.5488,65.0700,77.3177,77.5438,64.9700,-2.5300,-5.0900,-10.0000,matched_strict
694.0000,647.0000,77.5377,77.6998,72.0500,77.5375,77.7088,72.0200,-0.1600,9.0800,-3.0000,matched_strict
695.0000,648.0000,77.5378,77.6993,67.1800,77.5412,77.7062,67.1400,3.3100,6.9300,-4.0000,matched_strict
696.0000,649.0000,77.6993,77.9436,67.1600,77.7062,77.9380,67.1400,6.9300,-5.5600,-2.0000,matched_strict
697.0000,650.0000,77.7064,77.9900,64.0000,77.7109,77.9380,63.9800,4.5400,-52.0000,-2.0000,unmatched_offset
698.0000,651.0000,77.9540,78.0212,64.9700,77.9453,78.0266,65.0500,-8.7400,5.3600,8.0000,matched_strict
699.0000,652.0000,77.9568,78.3274,65.0095,78.0234,78.0932,63.8600,66.6500,-234.2200,-114.9460,unmatched_onset+pitch
700.0000,652.0000,78.0212,78.0829,64.1700,78.0234,78.0932,63.8600,2.2400,10.3300,-31.0000,matched_strict
701.0000,653.0000,78.0876,78.3250,65.0200,78.0838,78.3302,64.9900,-3.7300,5.1800,-3.0000,matched_strict
702.0000,655.0000,78.3250,78.4881,65.0622,78.3365,78.4979,65.0500,11.4300,9.8000,-1.2240,matched_strict
703.0000,654.0000,78.3335,78.5137,68.8800,78.3260,78.5005,68.8700,-7.4600,-13.2200,-1.0000,matched_strict
704.0000,656.0000,78.4881,78.7661,60.0800,78.4958,78.7667,59.9900,7.7100,0.5600,-9.0000,matched_strict
705.0000,658.0000,78.7511,79.0544,65.0300,78.7542,78.8859,65.0500,3.0700,-168.4700,2.0000,unmatched_offset
706.0000,,78.7538,78.8534,76.3200,,,,,,,missed
707.0000,660.0000,78.8534,79.0777,77.1893,78.8859,79.1646,77.0200,32.5400,86.8700,-16.9300,unmatched_offset
708.0000,661.0000,79.0721,79.1491,81.0116,79.1594,79.3583,80.9100,87.2200,209.2200,-10.1570,unmatched_onset
709.0000,662.0000,79.0903,79.1590,77.1800,79.1656,79.3469,76.9700,75.3400,187.8900,-21.0000,unmatched_onset
710.0000,662.0000,79.1590,79.3542,77.0800,79.1656,79.3469,76.9700,6.6500,-7.3300,-11.0000,matched_strict
711.0000,661.0000,79.1591,79.3542,80.9800,79.1594,79.3583,80.9100,0.2300,4.1300,-7.0000,matched_strict
712.0000,663.0000,79.3599,79.5524,79.1800,79.3609,79.5578,79.0200,0.9900,5.4400,-16.0000,matched_strict
713.0000,664.0000,79.3632,79.5632,72.1600,79.3620,79.5438,72.0300,-1.2000,-19.4200,-13.0000,matched_strict
714.0000,666.0000,79.5624,79.7780,76.2500,79.5667,79.7698,76.2000,4.2600,-8.1700,-5.0000,matched_strict
715.0000,665.0000,79.5782,79.7615,64.9950,79.5635,79.7635,64.8900,-14.6200,2.0400,-10.5000,matched_strict
716.0000,667.0000,79.7615,80.1263,65.0500,79.7635,80.3974,65.0800,2.0400,271.1400,3.0000,unmatched_offset
717.0000,668.0000,79.7816,79.8395,77.2100,79.7734,79.8396,77.0200,-8.1700,0.1100,-19.0000,matched_strict
718.0000,669.0000,79.8395,79.8959,76.0200,79.8396,79.9047,76.0300,0.1100,8.7400,1.0000,matched_strict
719.0000,670.0000,79.8959,80.5093,77.2100,79.9047,80.1281,77.0200,8.7400,-381.1400,-19.0000,unmatched_offset
720.0000,671.0000,80.1330,80.5194,81.0700,80.1281,80.3734,81.0200,-4.8800,-145.9300,-5.0000,unmatched_offset
721.0000,672.0000,80.7511,82.0303,65.0100,80.7287,80.8609,64.8900,-22.4400,-1169.3500,-12.0000,unmatched_offset
722.0000,,80.7766,80.8527,64.0500,,,,,,,missed
723.0000,674.0000,80.8589,80.9148,64.9260,80.8854,80.9500,64.9300,26.5300,35.1700,0.4050,unmatched_offset
724.0000,675.0000,80.9213,80.9893,63.9495,80.9385,81.0021,64.8900,17.2000,12.8000,94.0490,unmatched_pitch
725.0000,676.0000,80.9953,82.0303,65.0287,81.0068,82.0729,64.8900,11.5100,42.6300,-13.8740,matched_strict
,12.0000,,,,3.4573,3.4724,72.0200,,,,extra
,13.0000,,,,3.4724,3.8260,72.0200,,,,extra
,34.0000,,,,6.5307,6.7661,72.0300,,,,extra
,82.0000,,,,12.2411,12.6838,73.9600,,,,extra
,90.0000,,,,13.0838,13.2937,74.0200,,,,extra
,99.0000,,,,14.3349,14.5484,82.2300,,,,extra
,176.0000,,,,22.9828,23.0646,76.9500,,,,extra
,190.0000,,,,25.2260,25.4328,72.0300,,,,extra
,220.0000,,,,28.4375,28.6380,72.0200,,,,extra
,249.0000,,,,32.1542,32.4885,83.8800,,,,extra
,272.0000,,,,34.5901,34.9547,84.0200,,,,extra
,293.0000,,,,37.2755,37.3323,73.2600,,,,extra
,399.0000,,,,48.6615,48.7287,64.6900,,,,extra
,454.0000,,,,55.0656,55.2521,71.9800,,,,extra
,516.0000,,,,62.2656,62.5797,71.8900,,,,extra
,531.0000,,,,64.2370,64.3766,71.8800,,,,extra
,558.0000,,,,67.3276,67.4000,69.7800,,,,extra
,598.0000,,,,71.6917,71.8297,71.8900,,,,extra
,602.0000,,,,72.2896,72.6859,71.8900,,,,extra
,610.0000,,,,73.3771,73.5042,70.4900,,,,extra
,657.0000,,,,78.4984,78.7526,64.9900,,,,extra
,659.0000,,,,78.7687,79.1474,60.0300,,,,extra
,673.0000,,,,80.7516,80.8625,76.9200,,,,extra
